name,price,url,color,description
TURTLENECK T-SHIRT - White | ZARA Germany,15.95 EUR,https://www.zara.com/de/en/turtleneck-t-shirt-p04174678.html,White,"SLIM FIT - HIGH NECK - REGULAR LENGTH - LONG SLEEVE

T-shirt made of blended cotton yarn. Features a high neck and long sleeves."
TURTLENECK T-SHIRT - White | ZARA Germany,15.95 EUR,https://www.zara.com/de/en/turtleneck-t-shirt-p04174678.html,White,"SLIM FIT - HIGH NECK - REGULAR LENGTH - LONG SLEEVE

T-shirt made of blended cotton yarn. Features a high neck and long sleeves."
TURTLENECK T-SHIRT - White | ZARA Germany,15.95 EUR,https://www.zara.com/de/en/turtleneck-t-shirt-p04174678.html,White,"SLIM FIT - HIGH NECK - REGULAR LENGTH - LONG SLEEVE

T-shirt made of blended cotton yarn. Features a high neck and long sleeves."
TURTLENECK T-SHIRT - White | ZARA Germany,15.95 EUR,https://www.zara.com/de/en/turtleneck-t-shirt-p04174678.html,White,"SLIM FIT - HIGH NECK - REGULAR LENGTH - LONG SLEEVE

T-shirt made of blended cotton yarn. Features a high neck and long sleeves."
TURTLENECK T-SHIRT - White | ZARA Germany,15.95 EUR,https://www.zara.com/de/en/turtleneck-t-shirt-p04174678.html,White,"SLIM FIT - HIGH NECK - REGULAR LENGTH - LONG SLEEVE

T-shirt made of blended cotton yarn. Features a high neck and long sleeves."
LONG SLEEVE T-SHIRT - Black | ZARA Germany,15.95 EUR,https://www.zara.com/de/en/long-sleeve-t-shirt-p02335644.html,Black,"MID WEIGHT - SLIM FIT - ROUND NECK - REGULAR LENGTH - LONG SLEEVE

T-shirt made of cotton blend yarn. Features a round neckline and long sleeves."
LONG SLEEVE T-SHIRT - Black | ZARA Germany,15.95 EUR,https://www.zara.com/de/en/long-sleeve-t-shirt-p02335644.html,Black,"MID WEIGHT - SLIM FIT - ROUND NECK - REGULAR LENGTH - LONG SLEEVE

T-shirt made of cotton blend yarn. Features a round neckline and long sleeves."
LONG SLEEVE T-SHIRT - Black | ZARA Germany,15.95 EUR,https://www.zara.com/de/en/long-sleeve-t-shirt-p02335644.html,Black,"MID WEIGHT - SLIM FIT - ROUND NECK - REGULAR LENGTH - LONG SLEEVE

T-shirt made of cotton blend yarn. Features a round neckline and long sleeves."
LONG SLEEVE T-SHIRT - Black | ZARA Germany,15.95 EUR,https://www.zara.com/de/en/long-sleeve-t-shirt-p02335644.html,Black,"MID WEIGHT - SLIM FIT - ROUND NECK - REGULAR LENGTH - LONG SLEEVE

T-shirt made of cotton blend yarn. Features a round neckline and long sleeves."
COTTON MODAL LONG SLEEVE T-SHIRT - Mid-blue | ZARA Germany,12.95 EUR,https://www.zara.com/de/en/cotton-modal-long-sleeve-t-shirt-p04424809.html,Mid-blue,"SLIM FIT - ROUND NECK - NORMAL - LONG SLEEVE

T-shirt made from cotton and modal. Features a round neck and long sleeves."
COTTON MODAL LONG SLEEVE T-SHIRT - Mid-blue | ZARA Germany,12.95 EUR,https://www.zara.com/de/en/cotton-modal-long-sleeve-t-shirt-p04424809.html,Mid-blue,"SLIM FIT - ROUND NECK - NORMAL - LONG SLEEVE

T-shirt made from cotton and modal. Features a round neck and long sleeves."
COTTON MODAL LONG SLEEVE T-SHIRT - Mid-blue | ZARA Germany,12.95 EUR,https://www.zara.com/de/en/cotton-modal-long-sleeve-t-shirt-p04424809.html,Mid-blue,"SLIM FIT - ROUND NECK - NORMAL - LONG SLEEVE

T-shirt made from cotton and modal. Features a round neck and long sleeves."
COTTON MODAL LONG SLEEVE T-SHIRT - Mid-blue | ZARA Germany,12.95 EUR,https://www.zara.com/de/en/cotton-modal-long-sleeve-t-shirt-p04424809.html,Mid-blue,"SLIM FIT - ROUND NECK - NORMAL - LONG SLEEVE

T-shirt made from cotton and modal. Features a round neck and long sleeves."
COTTON MODAL LONG SLEEVE T-SHIRT - Mid-blue | ZARA Germany,12.95 EUR,https://www.zara.com/de/en/cotton-modal-long-sleeve-t-shirt-p04424809.html,Mid-blue,"SLIM FIT - ROUND NECK - NORMAL - LONG SLEEVE

T-shirt made from cotton and modal. Features a round neck and long sleeves."
LONG SLEEVE POLYAMIDE T-SHIRT - White | ZARA Germany,15.95 EUR,https://www.zara.com/de/en/long-sleeve-polyamide-t-shirt-p03641857.html,White,"SLIM FIT - ROUND NECK - REGULAR LENGTH - LONG SLEEVE

T-shirt made of polyamide with a round neck and long sleeves."
LONG SLEEVE POLYAMIDE T-SHIRT - White | ZARA Germany,15.95 EUR,https://www.zara.com/de/en/long-sleeve-polyamide-t-shirt-p03641857.html,White,"SLIM FIT - ROUND NECK - REGULAR LENGTH - LONG SLEEVE

T-shirt made of polyamide with a round neck and long sleeves."
LONG SLEEVE POLYAMIDE T-SHIRT - White | ZARA Germany,15.95 EUR,https://www.zara.com/de/en/long-sleeve-polyamide-t-shirt-p03641857.html,White,"SLIM FIT - ROUND NECK - REGULAR LENGTH - LONG SLEEVE

T-shirt made of polyamide with a round neck and long sleeves."
LONG SLEEVE POLYAMIDE T-SHIRT - White | ZARA Germany,15.95 EUR,https://www.zara.com/de/en/long-sleeve-polyamide-t-shirt-p03641857.html,White,"SLIM FIT - ROUND NECK - REGULAR LENGTH - LONG SLEEVE

T-shirt made of polyamide with a round neck and long sleeves."
LONG SLEEVE POLYAMIDE T-SHIRT - White | ZARA Germany,15.95 EUR,https://www.zara.com/de/en/long-sleeve-polyamide-t-shirt-p03641857.html,White,"SLIM FIT - ROUND NECK - REGULAR LENGTH - LONG SLEEVE

T-shirt made of polyamide with a round neck and long sleeves."
LONG SLEEVE WASHED EFFECT RIBBED T-SHIRT - Dark grey | ZARA Germany,15.95 EUR,https://www.zara.com/de/en/long-sleeve-washed-effect-ribbed-t-shirt-p04424805.html,Dark grey,"SLIM FIT - ROUND NECK - REGULAR - LONG SLEEVE

Long sleeve T-shirt with a round neckline.


Due to the dyeing and washing process, the colour of each garment is unique and special, so it may differ from that shown in the photo."
LONG SLEEVE WASHED EFFECT RIBBED T-SHIRT - Dark grey | ZARA Germany,15.95 EUR,https://www.zara.com/de/en/long-sleeve-washed-effect-ribbed-t-shirt-p04424805.html,Dark grey,"SLIM FIT - ROUND NECK - REGULAR - LONG SLEEVE

Long sleeve T-shirt with a round neckline.


Due to the dyeing and washing process, the colour of each garment is unique and special, so it may differ from that shown in the photo."
LONG SLEEVE WASHED EFFECT RIBBED T-SHIRT - Dark grey | ZARA Germany,15.95 EUR,https://www.zara.com/de/en/long-sleeve-washed-effect-ribbed-t-shirt-p04424805.html,Dark grey,"SLIM FIT - ROUND NECK - REGULAR - LONG SLEEVE

Long sleeve T-shirt with a round neckline.


Due to the dyeing and washing process, the colour of each garment is unique and special, so it may differ from that shown in the photo."
LONG SLEEVE WASHED EFFECT RIBBED T-SHIRT - Dark grey | ZARA Germany,15.95 EUR,https://www.zara.com/de/en/long-sleeve-washed-effect-ribbed-t-shirt-p04424805.html,Dark grey,"SLIM FIT - ROUND NECK - REGULAR - LONG SLEEVE

Long sleeve T-shirt with a round neckline.


Due to the dyeing and washing process, the colour of each garment is unique and special, so it may differ from that shown in the photo."
LONG SLEEVE WASHED EFFECT RIBBED T-SHIRT - Dark grey | ZARA Germany,15.95 EUR,https://www.zara.com/de/en/long-sleeve-washed-effect-ribbed-t-shirt-p04424805.html,Dark grey,"SLIM FIT - ROUND NECK - REGULAR - LONG SLEEVE

Long sleeve T-shirt with a round neckline.


Due to the dyeing and washing process, the colour of each garment is unique and special, so it may differ from that shown in the photo."
LONG SLEEVE WASHED EFFECT RIBBED T-SHIRT - Dark grey | ZARA Germany,15.95 EUR,https://www.zara.com/de/en/long-sleeve-washed-effect-ribbed-t-shirt-p04424805.html,Dark grey,"SLIM FIT - ROUND NECK - REGULAR - LONG SLEEVE

Long sleeve T-shirt with a round neckline.


Due to the dyeing and washing process, the colour of each garment is unique and special, so it may differ from that shown in the photo."
LONG SLEEVE T-SHIRT - Mid-camel | ZARA Germany,17.95 EUR,https://www.zara.com/de/en/long-sleeve-t-shirt-p04174676.html,Mid-camel,"REGULAR FIT - ROUND NECK - NORMAL LENGTH - LONG SLEEVE

Cotton T-shirt with a round neck and long sleeves."
LONG SLEEVE T-SHIRT - Mid-camel | ZARA Germany,17.95 EUR,https://www.zara.com/de/en/long-sleeve-t-shirt-p04174676.html,Mid-camel,"REGULAR FIT - ROUND NECK - NORMAL LENGTH - LONG SLEEVE

Cotton T-shirt with a round neck and long sleeves."
LONG SLEEVE T-SHIRT - Mid-camel | ZARA Germany,17.95 EUR,https://www.zara.com/de/en/long-sleeve-t-shirt-p04174676.html,Mid-camel,"REGULAR FIT - ROUND NECK - NORMAL LENGTH - LONG SLEEVE

Cotton T-shirt with a round neck and long sleeves."
LONG SLEEVE T-SHIRT - Mid-camel | ZARA Germany,17.95 EUR,https://www.zara.com/de/en/long-sleeve-t-shirt-p04174676.html,Mid-camel,"REGULAR FIT - ROUND NECK - NORMAL LENGTH - LONG SLEEVE

Cotton T-shirt with a round neck and long sleeves."
RIBBED LONG SLEEVE T-SHIRT - Black | ZARA Germany,15.95 EUR,https://www.zara.com/de/en/ribbed-long-sleeve-t-shirt-p01044628.html,Black,"MID WEIGHT - SLIM FIT - V-NECK - REGULAR LENGTH - LONG SLEEVE

Cotton T-shirt with a V-neck and long sleeves."
RIBBED LONG SLEEVE T-SHIRT - Black | ZARA Germany,15.95 EUR,https://www.zara.com/de/en/ribbed-long-sleeve-t-shirt-p01044628.html,Black,"MID WEIGHT - SLIM FIT - V-NECK - REGULAR LENGTH - LONG SLEEVE

Cotton T-shirt with a V-neck and long sleeves."
RIBBED LONG SLEEVE T-SHIRT - Black | ZARA Germany,15.95 EUR,https://www.zara.com/de/en/ribbed-long-sleeve-t-shirt-p01044628.html,Black,"MID WEIGHT - SLIM FIT - V-NECK - REGULAR LENGTH - LONG SLEEVE

Cotton T-shirt with a V-neck and long sleeves."
RIBBED LONG SLEEVE T-SHIRT - Black | ZARA Germany,15.95 EUR,https://www.zara.com/de/en/ribbed-long-sleeve-t-shirt-p01044628.html,Black,"MID WEIGHT - SLIM FIT - V-NECK - REGULAR LENGTH - LONG SLEEVE

Cotton T-shirt with a V-neck and long sleeves."
WASHED EFFECT ROLL NECK T-SHIRT - Anthracite grey | ZARA Germany,17.95 EUR,https://www.zara.com/de/en/washed-effect-roll-neck-t-shirt-p00085864.html,Anthracite grey,"SLIM FIT- ROLL NECK - REGULAR - LONG SLEEVE

Roll neck T-shirt with long sleeves.

Due to the dyeing and washing process, the colour of each garment is unique and special, so it may differ from that shown in the photo."
WASHED EFFECT ROLL NECK T-SHIRT - Anthracite grey | ZARA Germany,17.95 EUR,https://www.zara.com/de/en/washed-effect-roll-neck-t-shirt-p00085864.html,Anthracite grey,"SLIM FIT- ROLL NECK - REGULAR - LONG SLEEVE

Roll neck T-shirt with long sleeves.

Due to the dyeing and washing process, the colour of each garment is unique and special, so it may differ from that shown in the photo."
WASHED EFFECT ROLL NECK T-SHIRT - Anthracite grey | ZARA Germany,17.95 EUR,https://www.zara.com/de/en/washed-effect-roll-neck-t-shirt-p00085864.html,Anthracite grey,"SLIM FIT- ROLL NECK - REGULAR - LONG SLEEVE

Roll neck T-shirt with long sleeves.

Due to the dyeing and washing process, the colour of each garment is unique and special, so it may differ from that shown in the photo."
WASHED EFFECT ROLL NECK T-SHIRT - Anthracite grey | ZARA Germany,17.95 EUR,https://www.zara.com/de/en/washed-effect-roll-neck-t-shirt-p00085864.html,Anthracite grey,"SLIM FIT- ROLL NECK - REGULAR - LONG SLEEVE

Roll neck T-shirt with long sleeves.

Due to the dyeing and washing process, the colour of each garment is unique and special, so it may differ from that shown in the photo."
RIBBED LONG SLEEVE T-SHIRT - White | ZARA Germany,12.95 EUR,https://www.zara.com/de/en/ribbed-long-sleeve-t-shirt-p04424811.html,White,"SLIM FIT - ROUND NECK - REGULAR - LONG SLEEVE

Long sleeve T-shirt with a round neckline."
RIBBED LONG SLEEVE T-SHIRT - White | ZARA Germany,12.95 EUR,https://www.zara.com/de/en/ribbed-long-sleeve-t-shirt-p04424811.html,White,"SLIM FIT - ROUND NECK - REGULAR - LONG SLEEVE

Long sleeve T-shirt with a round neckline."
RIBBED LONG SLEEVE T-SHIRT - White | ZARA Germany,12.95 EUR,https://www.zara.com/de/en/ribbed-long-sleeve-t-shirt-p04424811.html,White,"SLIM FIT - ROUND NECK - REGULAR - LONG SLEEVE

Long sleeve T-shirt with a round neckline."
RIBBED LONG SLEEVE T-SHIRT - White | ZARA Germany,12.95 EUR,https://www.zara.com/de/en/ribbed-long-sleeve-t-shirt-p04424811.html,White,"SLIM FIT - ROUND NECK - REGULAR - LONG SLEEVE

Long sleeve T-shirt with a round neckline."
RIBBED LONG SLEEVE T-SHIRT - White | ZARA Germany,12.95 EUR,https://www.zara.com/de/en/ribbed-long-sleeve-t-shirt-p04424811.html,White,"SLIM FIT - ROUND NECK - REGULAR - LONG SLEEVE

Long sleeve T-shirt with a round neckline."
RIBBED LONG SLEEVE T-SHIRT - White | ZARA Germany,12.95 EUR,https://www.zara.com/de/en/ribbed-long-sleeve-t-shirt-p04424811.html,White,"SLIM FIT - ROUND NECK - REGULAR - LONG SLEEVE

Long sleeve T-shirt with a round neckline."
RIBBED BOAT NECK T-SHIRT - Oyster-white | ZARA Germany,12.95 EUR,https://www.zara.com/de/en/ribbed-boat-neck-t-shirt-p04424814.html,Oyster-white,"SLIM FIT - BOAT NECK - REGULAR LENGTH - LONG SLEEVE

Cotton T-shirt. Features a boat neck and long sleeves."
RIBBED BOAT NECK T-SHIRT - Oyster-white | ZARA Germany,12.95 EUR,https://www.zara.com/de/en/ribbed-boat-neck-t-shirt-p04424814.html,Oyster-white,"SLIM FIT - BOAT NECK - REGULAR LENGTH - LONG SLEEVE

Cotton T-shirt. Features a boat neck and long sleeves."
RIBBED BOAT NECK T-SHIRT - Oyster-white | ZARA Germany,12.95 EUR,https://www.zara.com/de/en/ribbed-boat-neck-t-shirt-p04424814.html,Oyster-white,"SLIM FIT - BOAT NECK - REGULAR LENGTH - LONG SLEEVE

Cotton T-shirt. Features a boat neck and long sleeves."
RIBBED BOAT NECK T-SHIRT - Oyster-white | ZARA Germany,12.95 EUR,https://www.zara.com/de/en/ribbed-boat-neck-t-shirt-p04424814.html,Oyster-white,"SLIM FIT - BOAT NECK - REGULAR LENGTH - LONG SLEEVE

Cotton T-shirt. Features a boat neck and long sleeves."
RIBBED BOAT NECK T-SHIRT - Oyster-white | ZARA Germany,12.95 EUR,https://www.zara.com/de/en/ribbed-boat-neck-t-shirt-p04424814.html,Oyster-white,"SLIM FIT - BOAT NECK - REGULAR LENGTH - LONG SLEEVE

Cotton T-shirt. Features a boat neck and long sleeves."
LONG SLEEVE T-SHIRT - Black | ZARA Germany,17.95 EUR,https://www.zara.com/de/en/long-sleeve-t-shirt-p04174672.html,Black,"OVERSIZE FIT - ROUND NECK - REGULAR LENGTH - LONG SLEEVE

T-shirt made of 100% cotton yarn. Round neck and long sleeves finished in matching ribbing."
LONG SLEEVE T-SHIRT - Black | ZARA Germany,17.95 EUR,https://www.zara.com/de/en/long-sleeve-t-shirt-p04174672.html,Black,"OVERSIZE FIT - ROUND NECK - REGULAR LENGTH - LONG SLEEVE

T-shirt made of 100% cotton yarn. Round neck and long sleeves finished in matching ribbing."
LONG SLEEVE T-SHIRT - Black | ZARA Germany,17.95 EUR,https://www.zara.com/de/en/long-sleeve-t-shirt-p04174672.html,Black,"OVERSIZE FIT - ROUND NECK - REGULAR LENGTH - LONG SLEEVE

T-shirt made of 100% cotton yarn. Round neck and long sleeves finished in matching ribbing."
LONG SLEEVE T-SHIRT - Black | ZARA Germany,17.95 EUR,https://www.zara.com/de/en/long-sleeve-t-shirt-p04174672.html,Black,"OVERSIZE FIT - ROUND NECK - REGULAR LENGTH - LONG SLEEVE

T-shirt made of 100% cotton yarn. Round neck and long sleeves finished in matching ribbing."
RIBBED TOP - Red / Coral | ZARA Germany,12.95 EUR,https://www.zara.com/de/en/ribbed-top-p01044163.html,Red / Coral,"REGULAR FIT - ROUND NECK - NORMAL LENGTH - DROP SLEEVES

Drop sleeve T-shirt with a round neck. Ribbed fabric detail."
RIBBED TOP - Red / Coral | ZARA Germany,12.95 EUR,https://www.zara.com/de/en/ribbed-top-p01044163.html,Red / Coral,"REGULAR FIT - ROUND NECK - NORMAL LENGTH - DROP SLEEVES

Drop sleeve T-shirt with a round neck. Ribbed fabric detail."
RIBBED TOP - Red / Coral | ZARA Germany,12.95 EUR,https://www.zara.com/de/en/ribbed-top-p01044163.html,Red / Coral,"REGULAR FIT - ROUND NECK - NORMAL LENGTH - DROP SLEEVES

Drop sleeve T-shirt with a round neck. Ribbed fabric detail."
RIBBED TOP - Red / Coral | ZARA Germany,12.95 EUR,https://www.zara.com/de/en/ribbed-top-p01044163.html,Red / Coral,"REGULAR FIT - ROUND NECK - NORMAL LENGTH - DROP SLEEVES

Drop sleeve T-shirt with a round neck. Ribbed fabric detail."
LONG SLEEVE FITTED T-SHIRT - Black | ZARA Germany,15.95 EUR,https://www.zara.com/de/en/long-sleeve-fitted-t-shirt-p05039374.html,N/A,"SLIM FIT - ROUND NECK - REGULAR LENGTH - LONG SLEEVE

Slim fit T-shirt with a round neck and long sleeves. Featuring topstitching detail."
LONG SLEEVE FITTED T-SHIRT - Black | ZARA Germany,15.95 EUR,https://www.zara.com/de/en/long-sleeve-fitted-t-shirt-p05039374.html,Black,"SLIM FIT - ROUND NECK - REGULAR LENGTH - LONG SLEEVE

Slim fit T-shirt with a round neck and long sleeves. Featuring topstitching detail."
LONG SLEEVE FITTED T-SHIRT - Black | ZARA Germany,15.95 EUR,https://www.zara.com/de/en/long-sleeve-fitted-t-shirt-p05039374.html,Black,"SLIM FIT - ROUND NECK - REGULAR LENGTH - LONG SLEEVE

Slim fit T-shirt with a round neck and long sleeves. Featuring topstitching detail."
LONG SLEEVE FITTED T-SHIRT - Black | ZARA Germany,15.95 EUR,https://www.zara.com/de/en/long-sleeve-fitted-t-shirt-p05039374.html,Black,"SLIM FIT - ROUND NECK - REGULAR LENGTH - LONG SLEEVE

Slim fit T-shirt with a round neck and long sleeves. Featuring topstitching detail."
RIBBED LONG SLEEVE T-SHIRT - White | ZARA Germany,15.95 EUR,https://www.zara.com/de/en/ribbed-long-sleeve-t-shirt-p04174657.html,White,"SLIM FIT - HIGH NECK - NORMAL LENGTH - LONG SLEEVE

Ribbed T-shirt with a high neck and long sleeves."
RIBBED LONG SLEEVE T-SHIRT - White | ZARA Germany,15.95 EUR,https://www.zara.com/de/en/ribbed-long-sleeve-t-shirt-p04174657.html,White,"SLIM FIT - HIGH NECK - NORMAL LENGTH - LONG SLEEVE

Ribbed T-shirt with a high neck and long sleeves."
RIBBED LONG SLEEVE T-SHIRT - White | ZARA Germany,15.95 EUR,https://www.zara.com/de/en/ribbed-long-sleeve-t-shirt-p04174657.html,White,"SLIM FIT - HIGH NECK - NORMAL LENGTH - LONG SLEEVE

Ribbed T-shirt with a high neck and long sleeves."
RIBBED LONG SLEEVE T-SHIRT - White | ZARA Germany,15.95 EUR,https://www.zara.com/de/en/ribbed-long-sleeve-t-shirt-p04174657.html,White,"SLIM FIT - HIGH NECK - NORMAL LENGTH - LONG SLEEVE

Ribbed T-shirt with a high neck and long sleeves."
RIBBED LONG SLEEVE T-SHIRT - White | ZARA Germany,15.95 EUR,https://www.zara.com/de/en/ribbed-long-sleeve-t-shirt-p04174657.html,White,"SLIM FIT - HIGH NECK - NORMAL LENGTH - LONG SLEEVE

Ribbed T-shirt with a high neck and long sleeves."
RIBBED LONG SLEEVE T-SHIRT - White | ZARA Germany,15.95 EUR,https://www.zara.com/de/en/ribbed-long-sleeve-t-shirt-p04174657.html,White,"SLIM FIT - HIGH NECK - NORMAL LENGTH - LONG SLEEVE

Ribbed T-shirt with a high neck and long sleeves."
RIBBED LONG SLEEVE T-SHIRT - White | ZARA Germany,15.95 EUR,https://www.zara.com/de/en/ribbed-long-sleeve-t-shirt-p04174657.html,White,"SLIM FIT - HIGH NECK - NORMAL LENGTH - LONG SLEEVE

Ribbed T-shirt with a high neck and long sleeves."
POLYAMIDE T-SHIRT - Light blue | ZARA Germany,12.95 EUR,https://www.zara.com/de/en/polyamide-t-shirt-p03641814.html,Light blue,"MID WEIGHT - SLIM FIT - ROUND NECK - CROPPED - SHORT SLEEVES

Fitted short sleeve T-shirt in polyamide with a round neck."
POLYAMIDE T-SHIRT - Light blue | ZARA Germany,12.95 EUR,https://www.zara.com/de/en/polyamide-t-shirt-p03641814.html,Light blue,"MID WEIGHT - SLIM FIT - ROUND NECK - CROPPED - SHORT SLEEVES

Fitted short sleeve T-shirt in polyamide with a round neck."
POLYAMIDE T-SHIRT - Light blue | ZARA Germany,12.95 EUR,https://www.zara.com/de/en/polyamide-t-shirt-p03641814.html,Light blue,"MID WEIGHT - SLIM FIT - ROUND NECK - CROPPED - SHORT SLEEVES

Fitted short sleeve T-shirt in polyamide with a round neck."
POLYAMIDE T-SHIRT - Light blue | ZARA Germany,12.95 EUR,https://www.zara.com/de/en/polyamide-t-shirt-p03641814.html,Light blue,"MID WEIGHT - SLIM FIT - ROUND NECK - CROPPED - SHORT SLEEVES

Fitted short sleeve T-shirt in polyamide with a round neck."
POLYAMIDE T-SHIRT - Light blue | ZARA Germany,12.95 EUR,https://www.zara.com/de/en/polyamide-t-shirt-p03641814.html,Light blue,"MID WEIGHT - SLIM FIT - ROUND NECK - CROPPED - SHORT SLEEVES

Fitted short sleeve T-shirt in polyamide with a round neck."
LONG SLEEVE COTTON T-SHIRT - White | ZARA Germany,17.95 EUR,https://www.zara.com/de/en/long-sleeve-cotton-t-shirt-p00858672.html,White,"REGULAR FIT - ROUND NECK - REGULAR LENGTH - LONG SLEEVE

T-shirt made of 100% cotton yarn. Round neck and long sleeves."
LONG SLEEVE COTTON T-SHIRT - White | ZARA Germany,17.95 EUR,https://www.zara.com/de/en/long-sleeve-cotton-t-shirt-p00858672.html,White,"REGULAR FIT - ROUND NECK - REGULAR LENGTH - LONG SLEEVE

T-shirt made of 100% cotton yarn. Round neck and long sleeves."
LONG SLEEVE COTTON T-SHIRT - White | ZARA Germany,17.95 EUR,https://www.zara.com/de/en/long-sleeve-cotton-t-shirt-p00858672.html,White,"REGULAR FIT - ROUND NECK - REGULAR LENGTH - LONG SLEEVE

T-shirt made of 100% cotton yarn. Round neck and long sleeves."
LONG SLEEVE COTTON T-SHIRT - White | ZARA Germany,17.95 EUR,https://www.zara.com/de/en/long-sleeve-cotton-t-shirt-p00858672.html,White,"REGULAR FIT - ROUND NECK - REGULAR LENGTH - LONG SLEEVE

T-shirt made of 100% cotton yarn. Round neck and long sleeves."
HEAVY COTTON T-SHIRT - Grey marl | ZARA Germany,15.95 EUR,https://www.zara.com/de/en/heavy-cotton-t-shirt-p04174011.html,Grey marl,"REGULAR FIT - ROUND NECK - NORMAL LENGTH - SHORT SLEEVES

T-shirt made of spun compact cotton. Round neck and short sleeves."
HEAVY COTTON T-SHIRT - Grey marl | ZARA Germany,15.95 EUR,https://www.zara.com/de/en/heavy-cotton-t-shirt-p04174011.html,Grey marl,"REGULAR FIT - ROUND NECK - NORMAL LENGTH - SHORT SLEEVES

T-shirt made of spun compact cotton. Round neck and short sleeves."
HEAVY COTTON T-SHIRT - Grey marl | ZARA Germany,15.95 EUR,https://www.zara.com/de/en/heavy-cotton-t-shirt-p04174011.html,Grey marl,"REGULAR FIT - ROUND NECK - NORMAL LENGTH - SHORT SLEEVES

T-shirt made of spun compact cotton. Round neck and short sleeves."
HEAVY COTTON T-SHIRT - Grey marl | ZARA Germany,15.95 EUR,https://www.zara.com/de/en/heavy-cotton-t-shirt-p04174011.html,Grey marl,"REGULAR FIT - ROUND NECK - NORMAL LENGTH - SHORT SLEEVES

T-shirt made of spun compact cotton. Round neck and short sleeves."
HEAVY COTTON T-SHIRT - Grey marl | ZARA Germany,15.95 EUR,https://www.zara.com/de/en/heavy-cotton-t-shirt-p04174011.html,Grey marl,"REGULAR FIT - ROUND NECK - NORMAL LENGTH - SHORT SLEEVES

T-shirt made of spun compact cotton. Round neck and short sleeves."
V-NECK RIBBED T-SHIRT - Black | ZARA Germany,12.95 EUR,https://www.zara.com/de/en/v-neck-ribbed-t-shirt-p04174841.html,Black,"SLIM FIT - V-NECK - REGULAR - SHORT SLEEVE

Short sleeve T-shirt featuring a V-neck and a ribbed design."
V-NECK RIBBED T-SHIRT - Black | ZARA Germany,12.95 EUR,https://www.zara.com/de/en/v-neck-ribbed-t-shirt-p04174841.html,Black,"SLIM FIT - V-NECK - REGULAR - SHORT SLEEVE

Short sleeve T-shirt featuring a V-neck and a ribbed design."
V-NECK RIBBED T-SHIRT - Black | ZARA Germany,12.95 EUR,https://www.zara.com/de/en/v-neck-ribbed-t-shirt-p04174841.html,Black,"SLIM FIT - V-NECK - REGULAR - SHORT SLEEVE

Short sleeve T-shirt featuring a V-neck and a ribbed design."
V-NECK RIBBED T-SHIRT - Black | ZARA Germany,12.95 EUR,https://www.zara.com/de/en/v-neck-ribbed-t-shirt-p04174841.html,Black,"SLIM FIT - V-NECK - REGULAR - SHORT SLEEVE

Short sleeve T-shirt featuring a V-neck and a ribbed design."
BOATNECK TOP - White | ZARA Germany,19.95 EUR,https://www.zara.com/de/en/boatneck-top-p00264658.html,White,"REGULAR FIT - BOAT NECK - STANDARD LENGTH - THREE-QUARTER LENGTH SLEEVES

T-shirt made from 100% cotton yarn. Features a boat neck and three-quarter length sleeves."
BOATNECK TOP - White | ZARA Germany,19.95 EUR,https://www.zara.com/de/en/boatneck-top-p00264658.html,White,"REGULAR FIT - BOAT NECK - STANDARD LENGTH - THREE-QUARTER LENGTH SLEEVES

T-shirt made from 100% cotton yarn. Features a boat neck and three-quarter length sleeves."
BOATNECK TOP - White | ZARA Germany,19.95 EUR,https://www.zara.com/de/en/boatneck-top-p00264658.html,White,"REGULAR FIT - BOAT NECK - STANDARD LENGTH - THREE-QUARTER LENGTH SLEEVES

T-shirt made from 100% cotton yarn. Features a boat neck and three-quarter length sleeves."
BOATNECK TOP - White | ZARA Germany,19.95 EUR,https://www.zara.com/de/en/boatneck-top-p00264658.html,White,"REGULAR FIT - BOAT NECK - STANDARD LENGTH - THREE-QUARTER LENGTH SLEEVES

T-shirt made from 100% cotton yarn. Features a boat neck and three-quarter length sleeves."
BASIC COTTON T-SHIRT - Red Stripe | ZARA Germany,7.95 EUR,https://www.zara.com/de/en/basic-cotton-t-shirt-p03253322.html,Red Stripe,"MID WEIGHT - REGULAR FIT- ROUND NECK - NORMAL LENGTH - SHORT SLEEVES

Round neck T-shirt made of 100% cotton with short sleeves."
BASIC COTTON T-SHIRT - Red Stripe | ZARA Germany,7.95 EUR,https://www.zara.com/de/en/basic-cotton-t-shirt-p03253322.html,Red Stripe,"MID WEIGHT - REGULAR FIT- ROUND NECK - NORMAL LENGTH - SHORT SLEEVES

Round neck T-shirt made of 100% cotton with short sleeves."
BASIC COTTON T-SHIRT - Red Stripe | ZARA Germany,7.95 EUR,https://www.zara.com/de/en/basic-cotton-t-shirt-p03253322.html,Red Stripe,"MID WEIGHT - REGULAR FIT- ROUND NECK - NORMAL LENGTH - SHORT SLEEVES

Round neck T-shirt made of 100% cotton with short sleeves."
BASIC COTTON T-SHIRT - Red Stripe | ZARA Germany,7.95 EUR,https://www.zara.com/de/en/basic-cotton-t-shirt-p03253322.html,Red Stripe,"MID WEIGHT - REGULAR FIT- ROUND NECK - NORMAL LENGTH - SHORT SLEEVES

Round neck T-shirt made of 100% cotton with short sleeves."
BASIC COTTON T-SHIRT - Red Stripe | ZARA Germany,7.95 EUR,https://www.zara.com/de/en/basic-cotton-t-shirt-p03253322.html,Red Stripe,"MID WEIGHT - REGULAR FIT- ROUND NECK - NORMAL LENGTH - SHORT SLEEVES

Round neck T-shirt made of 100% cotton with short sleeves."
BASIC COTTON T-SHIRT - Red Stripe | ZARA Germany,7.95 EUR,https://www.zara.com/de/en/basic-cotton-t-shirt-p03253322.html,Red Stripe,"MID WEIGHT - REGULAR FIT- ROUND NECK - NORMAL LENGTH - SHORT SLEEVES

Round neck T-shirt made of 100% cotton with short sleeves."
BASIC COTTON T-SHIRT - Red Stripe | ZARA Germany,7.95 EUR,https://www.zara.com/de/en/basic-cotton-t-shirt-p03253322.html,Red Stripe,"MID WEIGHT - REGULAR FIT- ROUND NECK - NORMAL LENGTH - SHORT SLEEVES

Round neck T-shirt made of 100% cotton with short sleeves."
BASIC COTTON T-SHIRT - Red Stripe | ZARA Germany,7.95 EUR,https://www.zara.com/de/en/basic-cotton-t-shirt-p03253322.html,Red Stripe,"MID WEIGHT - REGULAR FIT- ROUND NECK - NORMAL LENGTH - SHORT SLEEVES

Round neck T-shirt made of 100% cotton with short sleeves."
POLYAMIDE TOP WITH WIDE STRAPS - Pale pink | ZARA Germany,12.95 EUR,https://www.zara.com/de/en/polyamide-top-with-wide-straps-p03905531.html,Pale pink,"MID WEIGHT - SLIM FIT - ROUND NECKLINE - NORMAL LENGTH - SLEEVELESS

Fitted top made from a polyamide blend. Features wide straps and chest reinforcement."
POLYAMIDE TOP WITH WIDE STRAPS - Pale pink | ZARA Germany,12.95 EUR,https://www.zara.com/de/en/polyamide-top-with-wide-straps-p03905531.html,Pale pink,"MID WEIGHT - SLIM FIT - ROUND NECKLINE - NORMAL LENGTH - SLEEVELESS

Fitted top made from a polyamide blend. Features wide straps and chest reinforcement."
POLYAMIDE TOP WITH WIDE STRAPS - Pale pink | ZARA Germany,12.95 EUR,https://www.zara.com/de/en/polyamide-top-with-wide-straps-p03905531.html,Pale pink,"MID WEIGHT - SLIM FIT - ROUND NECKLINE - NORMAL LENGTH - SLEEVELESS

Fitted top made from a polyamide blend. Features wide straps and chest reinforcement."
POLYAMIDE TOP WITH WIDE STRAPS - Pale pink | ZARA Germany,12.95 EUR,https://www.zara.com/de/en/polyamide-top-with-wide-straps-p03905531.html,Pale pink,"MID WEIGHT - SLIM FIT - ROUND NECKLINE - NORMAL LENGTH - SLEEVELESS

Fitted top made from a polyamide blend. Features wide straps and chest reinforcement."
POLYAMIDE TOP WITH WIDE STRAPS - Pale pink | ZARA Germany,12.95 EUR,https://www.zara.com/de/en/polyamide-top-with-wide-straps-p03905531.html,Pale pink,"MID WEIGHT - SLIM FIT - ROUND NECKLINE - NORMAL LENGTH - SLEEVELESS

Fitted top made from a polyamide blend. Features wide straps and chest reinforcement."
POLYAMIDE TOP WITH WIDE STRAPS - Pale pink | ZARA Germany,12.95 EUR,https://www.zara.com/de/en/polyamide-top-with-wide-straps-p03905531.html,Pale pink,"MID WEIGHT - SLIM FIT - ROUND NECKLINE - NORMAL LENGTH - SLEEVELESS

Fitted top made from a polyamide blend. Features wide straps and chest reinforcement."
STITCHED VEST TOP - Burgundy | ZARA Germany,12.95 EUR,https://www.zara.com/de/en/stitched-vest-top-p03253816.html,Burgundy,Fitted V-neck vest top with thin straps. Featuring topstitching detail.
STITCHED VEST TOP - Burgundy | ZARA Germany,12.95 EUR,https://www.zara.com/de/en/stitched-vest-top-p03253816.html,Burgundy,Fitted V-neck vest top with thin straps. Featuring topstitching detail.
STITCHED VEST TOP - Burgundy | ZARA Germany,12.95 EUR,https://www.zara.com/de/en/stitched-vest-top-p03253816.html,Burgundy,Fitted V-neck vest top with thin straps. Featuring topstitching detail.
STITCHED VEST TOP - Burgundy | ZARA Germany,12.95 EUR,https://www.zara.com/de/en/stitched-vest-top-p03253816.html,Burgundy,Fitted V-neck vest top with thin straps. Featuring topstitching detail.
RIBBED T-SHIRT WITH BUTTONS - Sand | ZARA Germany,17.95 EUR,https://www.zara.com/de/en/ribbed-t-shirt-with-buttons-p03431627.html,Sand,"SLIM FIT - ROUND NECK - REGULAR LENGTH - LONG SLEEVE

T-shirt made of cotton and modal yarn. Round neck and long sleeve. Front button fastening."
RIBBED T-SHIRT WITH BUTTONS - Sand | ZARA Germany,17.95 EUR,https://www.zara.com/de/en/ribbed-t-shirt-with-buttons-p03431627.html,Sand,"SLIM FIT - ROUND NECK - REGULAR LENGTH - LONG SLEEVE

T-shirt made of cotton and modal yarn. Round neck and long sleeve. Front button fastening."
RIBBED T-SHIRT WITH BUTTONS - Sand | ZARA Germany,17.95 EUR,https://www.zara.com/de/en/ribbed-t-shirt-with-buttons-p03431627.html,Sand,"SLIM FIT - ROUND NECK - REGULAR LENGTH - LONG SLEEVE

T-shirt made of cotton and modal yarn. Round neck and long sleeve. Front button fastening."
RIBBED T-SHIRT WITH BUTTONS - Sand | ZARA Germany,17.95 EUR,https://www.zara.com/de/en/ribbed-t-shirt-with-buttons-p03431627.html,Sand,"SLIM FIT - ROUND NECK - REGULAR LENGTH - LONG SLEEVE

T-shirt made of cotton and modal yarn. Round neck and long sleeve. Front button fastening."
FADED-EFFECT RIB T-SHIRT - White | ZARA Germany,12.95 EUR,https://www.zara.com/de/en/faded-effect-rib-t-shirt-p03253824.html,White,"SLIM FIT - ROUND NECK - NORMAL LENGTH - SHORT SLEEVES

Ribbed T-shirt featuring a round neck and very short sleeves.

Due to the dyeing and fading process, the colour on each garment is unique and special, therefore it may differ from what is shown in the photo."
FADED-EFFECT RIB T-SHIRT - White | ZARA Germany,12.95 EUR,https://www.zara.com/de/en/faded-effect-rib-t-shirt-p03253824.html,White,"SLIM FIT - ROUND NECK - NORMAL LENGTH - SHORT SLEEVES

Ribbed T-shirt featuring a round neck and very short sleeves.

Due to the dyeing and fading process, the colour on each garment is unique and special, therefore it may differ from what is shown in the photo."
FADED-EFFECT RIB T-SHIRT - White | ZARA Germany,12.95 EUR,https://www.zara.com/de/en/faded-effect-rib-t-shirt-p03253824.html,White,"SLIM FIT - ROUND NECK - NORMAL LENGTH - SHORT SLEEVES

Ribbed T-shirt featuring a round neck and very short sleeves.

Due to the dyeing and fading process, the colour on each garment is unique and special, therefore it may differ from what is shown in the photo."
FADED-EFFECT RIB T-SHIRT - White | ZARA Germany,12.95 EUR,https://www.zara.com/de/en/faded-effect-rib-t-shirt-p03253824.html,White,"SLIM FIT - ROUND NECK - NORMAL LENGTH - SHORT SLEEVES

Ribbed T-shirt featuring a round neck and very short sleeves.

Due to the dyeing and fading process, the colour on each garment is unique and special, therefore it may differ from what is shown in the photo."
KIMONO SLEEVE COTTON T-SHIRT - Chocolate | ZARA Germany,19.95 EUR,https://www.zara.com/de/en/kimono-sleeve-cotton-t-shirt-p05644492.html,Chocolate,"HEAVY WEIGHT - OVERSIZE FIT - ROUND NECK - REGULAR LENGTH - KIMONO SLEEVES

T-shirt made of 100% cotton yarn. Round neck and kimono sleeves."
KIMONO SLEEVE COTTON T-SHIRT - Chocolate | ZARA Germany,19.95 EUR,https://www.zara.com/de/en/kimono-sleeve-cotton-t-shirt-p05644492.html,Chocolate,"HEAVY WEIGHT - OVERSIZE FIT - ROUND NECK - REGULAR LENGTH - KIMONO SLEEVES

T-shirt made of 100% cotton yarn. Round neck and kimono sleeves."
KIMONO SLEEVE COTTON T-SHIRT - Chocolate | ZARA Germany,19.95 EUR,https://www.zara.com/de/en/kimono-sleeve-cotton-t-shirt-p05644492.html,Chocolate,"HEAVY WEIGHT - OVERSIZE FIT - ROUND NECK - REGULAR LENGTH - KIMONO SLEEVES

T-shirt made of 100% cotton yarn. Round neck and kimono sleeves."
SHORT SLEEVE T-SHIRT - Oyster-white | ZARA Germany,12.95 EUR,https://www.zara.com/de/en/short-sleeve-t-shirt-p04424634.html,Oyster-white,"LIGHT WEIGHT - REGULAR FIT - ROUND NECK - NORMAL LENGTH - SHORT SLEEVE

T-shirt made of modal and cotton blend yarn. Features a round neck and short sleeves."
SHORT SLEEVE T-SHIRT - Oyster-white | ZARA Germany,12.95 EUR,https://www.zara.com/de/en/short-sleeve-t-shirt-p04424634.html,N/A,"LIGHT WEIGHT - REGULAR FIT - ROUND NECK - NORMAL LENGTH - SHORT SLEEVE

T-shirt made of modal and cotton blend yarn. Features a round neck and short sleeves."
SHORT SLEEVE T-SHIRT - Oyster-white | ZARA Germany,12.95 EUR,https://www.zara.com/de/en/short-sleeve-t-shirt-p04424634.html,Oyster-white,"LIGHT WEIGHT - REGULAR FIT - ROUND NECK - NORMAL LENGTH - SHORT SLEEVE

T-shirt made of modal and cotton blend yarn. Features a round neck and short sleeves."
SHORT SLEEVE T-SHIRT - Oyster-white | ZARA Germany,12.95 EUR,https://www.zara.com/de/en/short-sleeve-t-shirt-p04424634.html,Oyster-white,"LIGHT WEIGHT - REGULAR FIT - ROUND NECK - NORMAL LENGTH - SHORT SLEEVE

T-shirt made of modal and cotton blend yarn. Features a round neck and short sleeves."
FADED COTTON T-SHIRT - Olive green | ZARA Germany,17.95 EUR,https://www.zara.com/de/en/faded-cotton-t-shirt-p04174677.html,Olive green,"REGULAR FIT - ROUND NECK - STANDARD LENGTH - LONG SLEEVE

Flowing T-shirt made of 100% cotton yarn. Round neck and long sleeve. 

Due to the dyeing and washing process, the colour of each garment is unique and special, so it may differ from that shown in the photo."
FADED COTTON T-SHIRT - Olive green | ZARA Germany,17.95 EUR,https://www.zara.com/de/en/faded-cotton-t-shirt-p04174677.html,Olive green,"REGULAR FIT - ROUND NECK - STANDARD LENGTH - LONG SLEEVE

Flowing T-shirt made of 100% cotton yarn. Round neck and long sleeve. 

Due to the dyeing and washing process, the colour of each garment is unique and special, so it may differ from that shown in the photo."
FADED COTTON T-SHIRT - Olive green | ZARA Germany,17.95 EUR,https://www.zara.com/de/en/faded-cotton-t-shirt-p04174677.html,Olive green,"REGULAR FIT - ROUND NECK - STANDARD LENGTH - LONG SLEEVE

Flowing T-shirt made of 100% cotton yarn. Round neck and long sleeve. 

Due to the dyeing and washing process, the colour of each garment is unique and special, so it may differ from that shown in the photo."
FADED COTTON T-SHIRT - Olive green | ZARA Germany,17.95 EUR,https://www.zara.com/de/en/faded-cotton-t-shirt-p04174677.html,Olive green,"REGULAR FIT - ROUND NECK - STANDARD LENGTH - LONG SLEEVE

Flowing T-shirt made of 100% cotton yarn. Round neck and long sleeve. 

Due to the dyeing and washing process, the colour of each garment is unique and special, so it may differ from that shown in the photo."
FADED RIBBED T-SHIRT - Chalk pink | ZARA Germany,15.95 EUR,https://www.zara.com/de/en/faded-ribbed-t-shirt-p04174675.html,Chalk pink,"SLIM FIT - REGULAR LENGTH - LONG SLEEVE

Long sleeve T-shirt with a round neck. Ribbed fabric. 

Due to the dyeing and washing process, the colour of each garment is unique and special, so it may differ from that shown in the photo."
FADED RIBBED T-SHIRT - Chalk pink | ZARA Germany,15.95 EUR,https://www.zara.com/de/en/faded-ribbed-t-shirt-p04174675.html,Chalk pink,"SLIM FIT - REGULAR LENGTH - LONG SLEEVE

Long sleeve T-shirt with a round neck. Ribbed fabric. 

Due to the dyeing and washing process, the colour of each garment is unique and special, so it may differ from that shown in the photo."
FADED RIBBED T-SHIRT - Chalk pink | ZARA Germany,15.95 EUR,https://www.zara.com/de/en/faded-ribbed-t-shirt-p04174675.html,Chalk pink,"SLIM FIT - REGULAR LENGTH - LONG SLEEVE

Long sleeve T-shirt with a round neck. Ribbed fabric. 

Due to the dyeing and washing process, the colour of each garment is unique and special, so it may differ from that shown in the photo."
FADED RIBBED T-SHIRT - Chalk pink | ZARA Germany,15.95 EUR,https://www.zara.com/de/en/faded-ribbed-t-shirt-p04174675.html,Chalk pink,"SLIM FIT - REGULAR LENGTH - LONG SLEEVE

Long sleeve T-shirt with a round neck. Ribbed fabric. 

Due to the dyeing and washing process, the colour of each garment is unique and special, so it may differ from that shown in the photo."
SHORT SLEEVE INTERLOCK T-SHIRT - Black | ZARA Germany,15.95 EUR,https://www.zara.com/de/en/short-sleeve-interlock-t-shirt-p04174178.html,Black,"REGULAR FIT - ROUND NECK - NORMAL LENGTH - SHORT SLEEVES

T-shirt made of stretchy and flexible knit fabric with a compact, soft and opaque weave. Featuring a round neck and short sleeves."
COTTON T-SHIRT WITH ENZYME FINISH - Red / White | ZARA Germany,9.95 EUR,https://www.zara.com/de/en/cotton-t-shirt-with-enzyme-finish-p04174751.html,Red / White,"REGULAR FIT - ROUND COLLAR - NORMAL LENGTH - SHORT SLEEVES 

T-shirt made of cotton yarn with enzyme finish. Round collar and short sleeves."
COTTON T-SHIRT WITH ENZYME FINISH - Red / White | ZARA Germany,9.95 EUR,https://www.zara.com/de/en/cotton-t-shirt-with-enzyme-finish-p04174751.html,Red / White,"REGULAR FIT - ROUND COLLAR - NORMAL LENGTH - SHORT SLEEVES 

T-shirt made of cotton yarn with enzyme finish. Round collar and short sleeves."
COTTON T-SHIRT WITH ENZYME FINISH - Red / White | ZARA Germany,9.95 EUR,https://www.zara.com/de/en/cotton-t-shirt-with-enzyme-finish-p04174751.html,Red / White,"REGULAR FIT - ROUND COLLAR - NORMAL LENGTH - SHORT SLEEVES 

T-shirt made of cotton yarn with enzyme finish. Round collar and short sleeves."
COTTON T-SHIRT WITH ENZYME FINISH - Red / White | ZARA Germany,9.95 EUR,https://www.zara.com/de/en/cotton-t-shirt-with-enzyme-finish-p04174751.html,Red / White,"REGULAR FIT - ROUND COLLAR - NORMAL LENGTH - SHORT SLEEVES 

T-shirt made of cotton yarn with enzyme finish. Round collar and short sleeves."
SLEEVELESS CROP TOP - Black | ZARA Germany,7.95 EUR,https://www.zara.com/de/en/sleeveless-crop-top-p02335153.html,Black,"SLIM FIT - ROUND NECK - SHORT - SLEEVELESS

Sleeveless crop top made of a spun cotton blend. Featuring a round neck."
SLEEVELESS CROP TOP - Black | ZARA Germany,7.95 EUR,https://www.zara.com/de/en/sleeveless-crop-top-p02335153.html,Black,"SLIM FIT - ROUND NECK - SHORT - SLEEVELESS

Sleeveless crop top made of a spun cotton blend. Featuring a round neck."
SLEEVELESS CROP TOP - Black | ZARA Germany,7.95 EUR,https://www.zara.com/de/en/sleeveless-crop-top-p02335153.html,Black,"SLIM FIT - ROUND NECK - SHORT - SLEEVELESS

Sleeveless crop top made of a spun cotton blend. Featuring a round neck."
T-SHIRT - White | ZARA Germany,9.95 EUR,https://www.zara.com/de/en/t-shirt-p03253825.html,White,"SLIM FIT - ROUND NECK - REGULAR LENGTH - SHORT SLEEVE

Short sleeve T-shirt with a round neck and trim detail."
T-SHIRT - White | ZARA Germany,9.95 EUR,https://www.zara.com/de/en/t-shirt-p03253825.html,White,"SLIM FIT - ROUND NECK - REGULAR LENGTH - SHORT SLEEVE

Short sleeve T-shirt with a round neck and trim detail."
T-SHIRT - White | ZARA Germany,9.95 EUR,https://www.zara.com/de/en/t-shirt-p03253825.html,White,"SLIM FIT - ROUND NECK - REGULAR LENGTH - SHORT SLEEVE

Short sleeve T-shirt with a round neck and trim detail."
STRAPPY COTTON TOP - Black | ZARA Germany,7.95 EUR,https://www.zara.com/de/en/strappy-cotton-top-p04174313.html,Black,"MID WEIGHT - SLIM FIT - ROUND NECK - NORMAL LENGTH - STRAPS

Top with a round neckline and adjustable thin straps."
STRAPPY COTTON TOP - Black | ZARA Germany,7.95 EUR,https://www.zara.com/de/en/strappy-cotton-top-p04174313.html,Black,"MID WEIGHT - SLIM FIT - ROUND NECK - NORMAL LENGTH - STRAPS

Top with a round neckline and adjustable thin straps."
STRAPPY COTTON TOP - Black | ZARA Germany,7.95 EUR,https://www.zara.com/de/en/strappy-cotton-top-p04174313.html,Black,"MID WEIGHT - SLIM FIT - ROUND NECK - NORMAL LENGTH - STRAPS

Top with a round neckline and adjustable thin straps."
OVERSIZED WASHED  T-SHIRT - White | ZARA Germany,19.95 EUR,https://www.zara.com/de/en/oversized-washed-t-shirt-p00858628.html,White,"OVERSIZE FIT - ROUND NECK - LONG - SHORT SLEEVES

T-shirt made of 100% spun cotton. Round neck and short sleeves."
OVERSIZED WASHED  T-SHIRT - White | ZARA Germany,19.95 EUR,https://www.zara.com/de/en/oversized-washed-t-shirt-p00858628.html,White,"OVERSIZE FIT - ROUND NECK - LONG - SHORT SLEEVES

T-shirt made of 100% spun cotton. Round neck and short sleeves."
OVERSIZED WASHED  T-SHIRT - White | ZARA Germany,19.95 EUR,https://www.zara.com/de/en/oversized-washed-t-shirt-p00858628.html,White,"OVERSIZE FIT - ROUND NECK - LONG - SHORT SLEEVES

T-shirt made of 100% spun cotton. Round neck and short sleeves."
POLYAMIDE TOP WITH THIN STRAPS - Ecru | ZARA Germany,8.95 EUR,https://www.zara.com/de/en/polyamide-top-with-thin-straps-p03905532.html,Ecru,"MID WEIGHT - SLIM FIT - ROUND NECKLINE - NORMAL LENGTH - SLEEVELESS

Fitted top made of a polyamide blend. Featuring a round neck and straps."
POLYAMIDE TOP WITH THIN STRAPS - Ecru | ZARA Germany,8.95 EUR,https://www.zara.com/de/en/polyamide-top-with-thin-straps-p03905532.html,Ecru,"MID WEIGHT - SLIM FIT - ROUND NECKLINE - NORMAL LENGTH - SLEEVELESS

Fitted top made of a polyamide blend. Featuring a round neck and straps."
POLYAMIDE TOP WITH THIN STRAPS - Ecru | ZARA Germany,8.95 EUR,https://www.zara.com/de/en/polyamide-top-with-thin-straps-p03905532.html,Ecru,"MID WEIGHT - SLIM FIT - ROUND NECKLINE - NORMAL LENGTH - SLEEVELESS

Fitted top made of a polyamide blend. Featuring a round neck and straps."
POLYAMIDE TOP WITH THIN STRAPS - Ecru | ZARA Germany,8.95 EUR,https://www.zara.com/de/en/polyamide-top-with-thin-straps-p03905532.html,Ecru,"MID WEIGHT - SLIM FIT - ROUND NECKLINE - NORMAL LENGTH - SLEEVELESS

Fitted top made of a polyamide blend. Featuring a round neck and straps."
POLYAMIDE TOP WITH THIN STRAPS - Ecru | ZARA Germany,8.95 EUR,https://www.zara.com/de/en/polyamide-top-with-thin-straps-p03905532.html,Ecru,"MID WEIGHT - SLIM FIT - ROUND NECKLINE - NORMAL LENGTH - SLEEVELESS

Fitted top made of a polyamide blend. Featuring a round neck and straps."
POLYAMIDE TOP WITH THIN STRAPS - Ecru | ZARA Germany,8.95 EUR,https://www.zara.com/de/en/polyamide-top-with-thin-straps-p03905532.html,Ecru,"MID WEIGHT - SLIM FIT - ROUND NECKLINE - NORMAL LENGTH - SLEEVELESS

Fitted top made of a polyamide blend. Featuring a round neck and straps."
SCOOP NECK T-SHIRT - Black | ZARA Germany,12.95 EUR,https://www.zara.com/de/en/scoop-neck-t-shirt-p03253821.html,Black,T-shirt with a scoop neck and short sleeves.
RIBBED ROUND NECK T-SHIRT - Stone | ZARA Germany,8.95 EUR,https://www.zara.com/de/en/ribbed-round-neck-t-shirt-p04174354.html,Stone,"SLIM FIT - ROUND NECKLINE - SHORT - SHORT SLEEVES

Fitted short sleeve T-shirt with ribbed detail and a round neckline."
RIBBED ROUND NECK T-SHIRT - Stone | ZARA Germany,8.95 EUR,https://www.zara.com/de/en/ribbed-round-neck-t-shirt-p04174354.html,Stone,"SLIM FIT - ROUND NECKLINE - SHORT - SHORT SLEEVES

Fitted short sleeve T-shirt with ribbed detail and a round neckline."
SCOOP NECK T-SHIRT - Black | ZARA Germany,12.95 EUR,https://www.zara.com/de/en/scoop-neck-t-shirt-p03253821.html,Black,T-shirt with a scoop neck and short sleeves.
RIBBED COTTON TANK TOP - White | ZARA Germany,9.95 EUR,https://www.zara.com/de/en/ribbed-cotton-tank-top-p02335003.html,White,"SLIM FIT - ROUND NECKLINE - NORMAL LENGTH - SLEEVELESS

Tank top made of spun cotton with a round neckline."
RIBBED COTTON TANK TOP - White | ZARA Germany,9.95 EUR,https://www.zara.com/de/en/ribbed-cotton-tank-top-p02335003.html,White,"SLIM FIT - ROUND NECKLINE - NORMAL LENGTH - SLEEVELESS

Tank top made of spun cotton with a round neckline."
RIBBED COTTON TANK TOP - White | ZARA Germany,9.95 EUR,https://www.zara.com/de/en/ribbed-cotton-tank-top-p02335003.html,White,"SLIM FIT - ROUND NECKLINE - NORMAL LENGTH - SLEEVELESS

Tank top made of spun cotton with a round neckline."
RIBBED COTTON TANK TOP - White | ZARA Germany,9.95 EUR,https://www.zara.com/de/en/ribbed-cotton-tank-top-p02335003.html,White,"SLIM FIT - ROUND NECKLINE - NORMAL LENGTH - SLEEVELESS

Tank top made of spun cotton with a round neckline."
FADED COTTON T-SHIRT - Fuchsia | ZARA Germany,12.95 EUR,https://www.zara.com/de/en/faded-cotton-t-shirt-p02335001.html,Fuchsia,"SLIM FIT - ROUND NECK - NORMAL LENGTH - SHORT SLEEVES

Round neck T-shirt made of 100% cotton with short raglan sleeves."
FADED COTTON T-SHIRT - Fuchsia | ZARA Germany,12.95 EUR,https://www.zara.com/de/en/faded-cotton-t-shirt-p02335001.html,Fuchsia,"SLIM FIT - ROUND NECK - NORMAL LENGTH - SHORT SLEEVES

Round neck T-shirt made of 100% cotton with short raglan sleeves."
FADED COTTON T-SHIRT - Fuchsia | ZARA Germany,12.95 EUR,https://www.zara.com/de/en/faded-cotton-t-shirt-p02335001.html,Fuchsia,"SLIM FIT - ROUND NECK - NORMAL LENGTH - SHORT SLEEVES

Round neck T-shirt made of 100% cotton with short raglan sleeves."
FADED COTTON T-SHIRT - Fuchsia | ZARA Germany,12.95 EUR,https://www.zara.com/de/en/faded-cotton-t-shirt-p02335001.html,Fuchsia,"SLIM FIT - ROUND NECK - NORMAL LENGTH - SHORT SLEEVES

Round neck T-shirt made of 100% cotton with short raglan sleeves."
FADED COTTON T-SHIRT - Fuchsia | ZARA Germany,12.95 EUR,https://www.zara.com/de/en/faded-cotton-t-shirt-p02335001.html,Fuchsia,"SLIM FIT - ROUND NECK - NORMAL LENGTH - SHORT SLEEVES

Round neck T-shirt made of 100% cotton with short raglan sleeves."
FADED COTTON T-SHIRT - Fuchsia | ZARA Germany,12.95 EUR,https://www.zara.com/de/en/faded-cotton-t-shirt-p02335001.html,Fuchsia,"SLIM FIT - ROUND NECK - NORMAL LENGTH - SHORT SLEEVES

Round neck T-shirt made of 100% cotton with short raglan sleeves."
HEAVY COTTON T-SHIRT - White | ZARA Germany,15.95 EUR,https://www.zara.com/de/en/heavy-cotton-t-shirt-p03253323.html,White,"HEAVY WEIGHT - OVERSIZE FIT - ROUND NECK - NORMAL LENGTH - SHORT SLEEVES

T-shirt made of 100% cotton. Round neck and short sleeves. Pronounced seam details at the back."
HEAVY COTTON T-SHIRT - White | ZARA Germany,15.95 EUR,https://www.zara.com/de/en/heavy-cotton-t-shirt-p03253323.html,White,"HEAVY WEIGHT - OVERSIZE FIT - ROUND NECK - NORMAL LENGTH - SHORT SLEEVES

T-shirt made of 100% cotton. Round neck and short sleeves. Pronounced seam details at the back."
HEAVY COTTON T-SHIRT - White | ZARA Germany,15.95 EUR,https://www.zara.com/de/en/heavy-cotton-t-shirt-p03253323.html,White,"HEAVY WEIGHT - OVERSIZE FIT - ROUND NECK - NORMAL LENGTH - SHORT SLEEVES

T-shirt made of 100% cotton. Round neck and short sleeves. Pronounced seam details at the back."
HEAVY COTTON T-SHIRT - White | ZARA Germany,15.95 EUR,https://www.zara.com/de/en/heavy-cotton-t-shirt-p03253323.html,White,"HEAVY WEIGHT - OVERSIZE FIT - ROUND NECK - NORMAL LENGTH - SHORT SLEEVES

T-shirt made of 100% cotton. Round neck and short sleeves. Pronounced seam details at the back."
FADED-EFFECT RIB T-SHIRT - Light mink | ZARA Germany,12.95 EUR,https://www.zara.com/de/en/faded-effect-rib-t-shirt-p03253310.html,Light mink,"MID WEIGHT - SLIM FIT - ROUND NECKLINE - NORMAL LENGTH - SLEEVELESS

Sleeveless round neck top made of a faded effect cotton blend."
FADED-EFFECT RIB T-SHIRT - Light mink | ZARA Germany,12.95 EUR,https://www.zara.com/de/en/faded-effect-rib-t-shirt-p03253310.html,Light mink,"MID WEIGHT - SLIM FIT - ROUND NECKLINE - NORMAL LENGTH - SLEEVELESS

Sleeveless round neck top made of a faded effect cotton blend."
FADED-EFFECT RIB T-SHIRT - Light mink | ZARA Germany,12.95 EUR,https://www.zara.com/de/en/faded-effect-rib-t-shirt-p03253310.html,Light mink,"MID WEIGHT - SLIM FIT - ROUND NECKLINE - NORMAL LENGTH - SLEEVELESS

Sleeveless round neck top made of a faded effect cotton blend."
V-NECK COTTON T-SHIRT - Brown | ZARA Germany,12.95 EUR,https://www.zara.com/de/en/v-neck-cotton-t-shirt-p04174822.html,Brown,"SLIM FIT - V-NECK - LONG NORMAL - SHORT SLEEVES

T-shirt made of 100% spun cotton. Featuring a V-neck, short sleeves and visible seam detail on the back."
V-NECK COTTON T-SHIRT - Brown | ZARA Germany,12.95 EUR,https://www.zara.com/de/en/v-neck-cotton-t-shirt-p04174822.html,Brown,"SLIM FIT - V-NECK - LONG NORMAL - SHORT SLEEVES

T-shirt made of 100% spun cotton. Featuring a V-neck, short sleeves and visible seam detail on the back."
V-NECK COTTON T-SHIRT - Brown | ZARA Germany,12.95 EUR,https://www.zara.com/de/en/v-neck-cotton-t-shirt-p04174822.html,Brown,"SLIM FIT - V-NECK - LONG NORMAL - SHORT SLEEVES

T-shirt made of 100% spun cotton. Featuring a V-neck, short sleeves and visible seam detail on the back."
V-NECK COTTON T-SHIRT - Brown | ZARA Germany,12.95 EUR,https://www.zara.com/de/en/v-neck-cotton-t-shirt-p04174822.html,Brown,"SLIM FIT - V-NECK - LONG NORMAL - SHORT SLEEVES

T-shirt made of 100% spun cotton. Featuring a V-neck, short sleeves and visible seam detail on the back."
FADED-EFFECT T-SHIRT WITH A V-NECKLINE - White | ZARA Germany,12.95 EUR,https://www.zara.com/de/en/faded-effect-t-shirt-with-a-v-neckline-p03253823.html,White,"REGULAR FIT - V-NECK - NORMAL LONG - VERY SHORT SLEEVES

Faded-effect T-shirt made of a cotton blend. Featuring a ribbed V-neckline and very short sleeves.

Due to the dyeing and fading process, the colour on each garment is unique and special, therefore it may differ from what is shown in the photo."
FADED-EFFECT T-SHIRT WITH A V-NECKLINE - White | ZARA Germany,12.95 EUR,https://www.zara.com/de/en/faded-effect-t-shirt-with-a-v-neckline-p03253823.html,White,"REGULAR FIT - V-NECK - NORMAL LONG - VERY SHORT SLEEVES

Faded-effect T-shirt made of a cotton blend. Featuring a ribbed V-neckline and very short sleeves.

Due to the dyeing and fading process, the colour on each garment is unique and special, therefore it may differ from what is shown in the photo."
FADED-EFFECT T-SHIRT WITH A V-NECKLINE - White | ZARA Germany,12.95 EUR,https://www.zara.com/de/en/faded-effect-t-shirt-with-a-v-neckline-p03253823.html,White,"REGULAR FIT - V-NECK - NORMAL LONG - VERY SHORT SLEEVES

Faded-effect T-shirt made of a cotton blend. Featuring a ribbed V-neckline and very short sleeves.

Due to the dyeing and fading process, the colour on each garment is unique and special, therefore it may differ from what is shown in the photo."
FADED-EFFECT T-SHIRT WITH A V-NECKLINE - White | ZARA Germany,12.95 EUR,https://www.zara.com/de/en/faded-effect-t-shirt-with-a-v-neckline-p03253823.html,White,"REGULAR FIT - V-NECK - NORMAL LONG - VERY SHORT SLEEVES

Faded-effect T-shirt made of a cotton blend. Featuring a ribbed V-neckline and very short sleeves.

Due to the dyeing and fading process, the colour on each garment is unique and special, therefore it may differ from what is shown in the photo."
FADED LONG SLEEVE TOP - Anthracite grey | ZARA Germany,17.95 EUR,https://www.zara.com/de/en/faded-long-sleeve-top-p04174453.html,Anthracite grey,"SLIM FIT - ROUND NECK - NORMAL LENGTH - LONG SLEEVE

T-shirt made from a cotton blend yarn. Round neck and long sleeves. Washed effect. 

Due to the dyeing and washing process, the colour of each garment is unique and special, so it may differ from what is shown in the photo."
FADED LONG SLEEVE TOP - Anthracite grey | ZARA Germany,17.95 EUR,https://www.zara.com/de/en/faded-long-sleeve-top-p04174453.html,Anthracite grey,"SLIM FIT - ROUND NECK - NORMAL LENGTH - LONG SLEEVE

T-shirt made from a cotton blend yarn. Round neck and long sleeves. Washed effect. 

Due to the dyeing and washing process, the colour of each garment is unique and special, so it may differ from what is shown in the photo."
FADED LONG SLEEVE TOP - Anthracite grey | ZARA Germany,17.95 EUR,https://www.zara.com/de/en/faded-long-sleeve-top-p04174453.html,Anthracite grey,"SLIM FIT - ROUND NECK - NORMAL LENGTH - LONG SLEEVE

T-shirt made from a cotton blend yarn. Round neck and long sleeves. Washed effect. 

Due to the dyeing and washing process, the colour of each garment is unique and special, so it may differ from what is shown in the photo."
FADED LONG SLEEVE TOP - Anthracite grey | ZARA Germany,17.95 EUR,https://www.zara.com/de/en/faded-long-sleeve-top-p04174453.html,Anthracite grey,"SLIM FIT - ROUND NECK - NORMAL LENGTH - LONG SLEEVE

T-shirt made from a cotton blend yarn. Round neck and long sleeves. Washed effect. 

Due to the dyeing and washing process, the colour of each garment is unique and special, so it may differ from what is shown in the photo."
SHORT SLEEVE COTTON T-SHIRT - Black | ZARA Germany,8.95 EUR,https://www.zara.com/de/en/short-sleeve-cotton-t-shirt-p04174158.html,Black,"LIGHTWEIGHT - SLIM FIT - ROUND NECK - NORMAL LENGTH - SHORT SLEEVES

T-shirt made of 100% spun cotton. Round neck and short sleeves."
SHORT SLEEVE COTTON T-SHIRT - Black | ZARA Germany,8.95 EUR,https://www.zara.com/de/en/short-sleeve-cotton-t-shirt-p04174158.html,N/A,"LIGHTWEIGHT - SLIM FIT - ROUND NECK - NORMAL LENGTH - SHORT SLEEVES

T-shirt made of 100% spun cotton. Round neck and short sleeves."
SHORT SLEEVE COTTON T-SHIRT - Black | ZARA Germany,8.95 EUR,https://www.zara.com/de/en/short-sleeve-cotton-t-shirt-p04174158.html,N/A,"LIGHTWEIGHT - SLIM FIT - ROUND NECK - NORMAL LENGTH - SHORT SLEEVES

T-shirt made of 100% spun cotton. Round neck and short sleeves."
SHORT SLEEVE COTTON T-SHIRT - Black | ZARA Germany,8.95 EUR,https://www.zara.com/de/en/short-sleeve-cotton-t-shirt-p04174158.html,Black,"LIGHTWEIGHT - SLIM FIT - ROUND NECK - NORMAL LENGTH - SHORT SLEEVES

T-shirt made of 100% spun cotton. Round neck and short sleeves."
T-SHIRT WITH SUPIMA COTTON - White | ZARA Germany,17.95 EUR,https://www.zara.com/de/en/t-shirt-with-supima--cotton-p00264487.html,White,"LIGHT WEIGHT - REGULAR FIT - ROUND NECK - STANDARD LENGTH - THREE-QUARTER SLEEVES

T-shirt made of cotton yarn. Featuring a round neck and three-quarter sleeves.

Supima cotton stands out for its premium texture and extraordinarily soft feel. As it is made of longer than usual cotton fibres, the quality of these fabrics is superior and it is also more resistant to wear and tear. Supima cotton garments have a longer life cycle, with colours that maintain their intensity, wash after wash. The production processes of Supima quality cotton are subject to strict quality controls."
T-SHIRT WITH SUPIMA COTTON - White | ZARA Germany,17.95 EUR,https://www.zara.com/de/en/t-shirt-with-supima--cotton-p00264487.html,White,"LIGHT WEIGHT - REGULAR FIT - ROUND NECK - STANDARD LENGTH - THREE-QUARTER SLEEVES

T-shirt made of cotton yarn. Featuring a round neck and three-quarter sleeves.

Supima cotton stands out for its premium texture and extraordinarily soft feel. As it is made of longer than usual cotton fibres, the quality of these fabrics is superior and it is also more resistant to wear and tear. Supima cotton garments have a longer life cycle, with colours that maintain their intensity, wash after wash. The production processes of Supima quality cotton are subject to strict quality controls."
T-SHIRT WITH SUPIMA COTTON - White | ZARA Germany,17.95 EUR,https://www.zara.com/de/en/t-shirt-with-supima--cotton-p00264487.html,White,"LIGHT WEIGHT - REGULAR FIT - ROUND NECK - STANDARD LENGTH - THREE-QUARTER SLEEVES

T-shirt made of cotton yarn. Featuring a round neck and three-quarter sleeves.

Supima cotton stands out for its premium texture and extraordinarily soft feel. As it is made of longer than usual cotton fibres, the quality of these fabrics is superior and it is also more resistant to wear and tear. Supima cotton garments have a longer life cycle, with colours that maintain their intensity, wash after wash. The production processes of Supima quality cotton are subject to strict quality controls."
T-SHIRT WITH SUPIMA COTTON - White | ZARA Germany,17.95 EUR,https://www.zara.com/de/en/t-shirt-with-supima--cotton-p00264487.html,White,"LIGHT WEIGHT - REGULAR FIT - ROUND NECK - STANDARD LENGTH - THREE-QUARTER SLEEVES

T-shirt made of cotton yarn. Featuring a round neck and three-quarter sleeves.

Supima cotton stands out for its premium texture and extraordinarily soft feel. As it is made of longer than usual cotton fibres, the quality of these fabrics is superior and it is also more resistant to wear and tear. Supima cotton garments have a longer life cycle, with colours that maintain their intensity, wash after wash. The production processes of Supima quality cotton are subject to strict quality controls."
POLYAMIDE T-SHIRT - White | ZARA Germany,19.95 EUR,https://www.zara.com/de/en/polyamide-t-shirt-p01165503.html,White,"HEAVY WEIGHT - SLIM FIT - BOAT NECK - REGULAR LENGTH - THREE-QUARTER LENGTH SLEEVES

T-shirt made from a polyamide blend yarn. Features a boat neck and three-quarter length sleeves."
POLYAMIDE T-SHIRT - White | ZARA Germany,19.95 EUR,https://www.zara.com/de/en/polyamide-t-shirt-p01165503.html,White,"HEAVY WEIGHT - SLIM FIT - BOAT NECK - REGULAR LENGTH - THREE-QUARTER LENGTH SLEEVES

T-shirt made from a polyamide blend yarn. Features a boat neck and three-quarter length sleeves."
POLYAMIDE T-SHIRT - White | ZARA Germany,19.95 EUR,https://www.zara.com/de/en/polyamide-t-shirt-p01165503.html,White,"HEAVY WEIGHT - SLIM FIT - BOAT NECK - REGULAR LENGTH - THREE-QUARTER LENGTH SLEEVES

T-shirt made from a polyamide blend yarn. Features a boat neck and three-quarter length sleeves."
POLYAMIDE T-SHIRT - White | ZARA Germany,19.95 EUR,https://www.zara.com/de/en/polyamide-t-shirt-p01165503.html,White,"HEAVY WEIGHT - SLIM FIT - BOAT NECK - REGULAR LENGTH - THREE-QUARTER LENGTH SLEEVES

T-shirt made from a polyamide blend yarn. Features a boat neck and three-quarter length sleeves."
COTTON TOP - White | ZARA Germany,15.95 EUR,https://www.zara.com/de/en/cotton-top-p02335169.html,White,"LOOSE FIT - ROUND NECK - NORMAL LENGTH - DROP SLEEVES

Round neck T-shirt with short drop sleeves."
COTTON TOP - White | ZARA Germany,15.95 EUR,https://www.zara.com/de/en/cotton-top-p02335169.html,White,"LOOSE FIT - ROUND NECK - NORMAL LENGTH - DROP SLEEVES

Round neck T-shirt with short drop sleeves."
COTTON TOP - White | ZARA Germany,15.95 EUR,https://www.zara.com/de/en/cotton-top-p02335169.html,White,"LOOSE FIT - ROUND NECK - NORMAL LENGTH - DROP SLEEVES

Round neck T-shirt with short drop sleeves."
COTTON TOP - White | ZARA Germany,15.95 EUR,https://www.zara.com/de/en/cotton-top-p02335169.html,White,"LOOSE FIT - ROUND NECK - NORMAL LENGTH - DROP SLEEVES

Round neck T-shirt with short drop sleeves."
COTTON TOP - White | ZARA Germany,15.95 EUR,https://www.zara.com/de/en/cotton-top-p02335169.html,White,"LOOSE FIT - ROUND NECK - NORMAL LENGTH - DROP SLEEVES

Round neck T-shirt with short drop sleeves."
RIBBED SHORT SLEEVE T-SHIRT - White | ZARA Germany,12.95 EUR,https://www.zara.com/de/en/ribbed-short-sleeve-t-shirt-p04174168.html,White,"SLIM FIT - ROUND NECK - NORMAL LENGTH - SHORT SLEEVES

T-shirt made of a spun cotton blend. Round neck and short sleeves."
RIBBED SHORT SLEEVE T-SHIRT - White | ZARA Germany,12.95 EUR,https://www.zara.com/de/en/ribbed-short-sleeve-t-shirt-p04174168.html,White,"SLIM FIT - ROUND NECK - NORMAL LENGTH - SHORT SLEEVES

T-shirt made of a spun cotton blend. Round neck and short sleeves."
RIBBED SHORT SLEEVE T-SHIRT - White | ZARA Germany,12.95 EUR,https://www.zara.com/de/en/ribbed-short-sleeve-t-shirt-p04174168.html,White,"SLIM FIT - ROUND NECK - NORMAL LENGTH - SHORT SLEEVES

T-shirt made of a spun cotton blend. Round neck and short sleeves."
RIBBED SHORT SLEEVE T-SHIRT - White | ZARA Germany,12.95 EUR,https://www.zara.com/de/en/ribbed-short-sleeve-t-shirt-p04174168.html,White,"SLIM FIT - ROUND NECK - NORMAL LENGTH - SHORT SLEEVES

T-shirt made of a spun cotton blend. Round neck and short sleeves."
RIBBED SHORT SLEEVE T-SHIRT - White | ZARA Germany,12.95 EUR,https://www.zara.com/de/en/ribbed-short-sleeve-t-shirt-p04174168.html,White,"SLIM FIT - ROUND NECK - NORMAL LENGTH - SHORT SLEEVES

T-shirt made of a spun cotton blend. Round neck and short sleeves."
RIBBED SHORT SLEEVE T-SHIRT - White | ZARA Germany,12.95 EUR,https://www.zara.com/de/en/ribbed-short-sleeve-t-shirt-p04174168.html,White,"SLIM FIT - ROUND NECK - NORMAL LENGTH - SHORT SLEEVES

T-shirt made of a spun cotton blend. Round neck and short sleeves."
MODAL COTTON STRAPPY TOP - Mauve | ZARA Germany,8.95 EUR,https://www.zara.com/de/en/modal-cotton-strappy-top-p03641351.html,Mauve,"SLIM FIT - ROUND NECKLINE - CROPPED - STRAPS

Round neckline strappy top made of a cotton and modal blend."
MODAL COTTON STRAPPY TOP - Mauve | ZARA Germany,8.95 EUR,https://www.zara.com/de/en/modal-cotton-strappy-top-p03641351.html,Mauve,"SLIM FIT - ROUND NECKLINE - CROPPED - STRAPS

Round neckline strappy top made of a cotton and modal blend."
MODAL COTTON STRAPPY TOP - Mauve | ZARA Germany,8.95 EUR,https://www.zara.com/de/en/modal-cotton-strappy-top-p03641351.html,Mauve,"SLIM FIT - ROUND NECKLINE - CROPPED - STRAPS

Round neckline strappy top made of a cotton and modal blend."
MODAL COTTON STRAPPY TOP - Mauve | ZARA Germany,8.95 EUR,https://www.zara.com/de/en/modal-cotton-strappy-top-p03641351.html,Mauve,"SLIM FIT - ROUND NECKLINE - CROPPED - STRAPS

Round neckline strappy top made of a cotton and modal blend."
MODAL COTTON STRAPPY TOP - Mauve | ZARA Germany,8.95 EUR,https://www.zara.com/de/en/modal-cotton-strappy-top-p03641351.html,Mauve,"SLIM FIT - ROUND NECKLINE - CROPPED - STRAPS

Round neckline strappy top made of a cotton and modal blend."
RIBBED BOAT NECK TOP - White | ZARA Germany,8.95 EUR,https://www.zara.com/de/en/ribbed-boat-neck-top-p04424806.html,White,Ribbed top with a boat neck and short sleeves.
RIBBED BOAT NECK TOP - White | ZARA Germany,8.95 EUR,https://www.zara.com/de/en/ribbed-boat-neck-top-p04424806.html,White,Ribbed top with a boat neck and short sleeves.
RIBBED BOAT NECK TOP - White | ZARA Germany,8.95 EUR,https://www.zara.com/de/en/ribbed-boat-neck-top-p04424806.html,White,Ribbed top with a boat neck and short sleeves.
RIBBED BOAT NECK TOP - White | ZARA Germany,8.95 EUR,https://www.zara.com/de/en/ribbed-boat-neck-top-p04424806.html,White,Ribbed top with a boat neck and short sleeves.
BOATNECK TOP - Black | ZARA Germany,15.95 EUR,https://www.zara.com/de/en/boatneck-top-p00264501.html,Black,"MID WEIGHT - REGULAR FIT - BOAT NECK - NORMAL LENGTH - THREE-QUARTER SLEEVE

Cotton-blend T-shirt. Boat neck and three-quarter length sleeves."
BOATNECK TOP - Black | ZARA Germany,15.95 EUR,https://www.zara.com/de/en/boatneck-top-p00264501.html,Black,"MID WEIGHT - REGULAR FIT - BOAT NECK - NORMAL LENGTH - THREE-QUARTER SLEEVE

Cotton-blend T-shirt. Boat neck and three-quarter length sleeves."
BOATNECK TOP - Black | ZARA Germany,15.95 EUR,https://www.zara.com/de/en/boatneck-top-p00264501.html,Black,"MID WEIGHT - REGULAR FIT - BOAT NECK - NORMAL LENGTH - THREE-QUARTER SLEEVE

Cotton-blend T-shirt. Boat neck and three-quarter length sleeves."
BOATNECK TOP - Black | ZARA Germany,15.95 EUR,https://www.zara.com/de/en/boatneck-top-p00264501.html,Black,"MID WEIGHT - REGULAR FIT - BOAT NECK - NORMAL LENGTH - THREE-QUARTER SLEEVE

Cotton-blend T-shirt. Boat neck and three-quarter length sleeves."
SLEEVELESS RIBBED TOP - Black | ZARA Germany,9.95 EUR,https://www.zara.com/de/en/sleeveless-ribbed-top-p04424802.html,Black,"SLIM FIT - ROUND NECK - NORMAL LENGTH - SLEEVELESS

Sleeveless top with a round neck and visible seam detail on the back."
SLEEVELESS RIBBED TOP - Black | ZARA Germany,9.95 EUR,https://www.zara.com/de/en/sleeveless-ribbed-top-p04424802.html,Black,"SLIM FIT - ROUND NECK - NORMAL LENGTH - SLEEVELESS

Sleeveless top with a round neck and visible seam detail on the back."
SLEEVELESS RIBBED TOP - Black | ZARA Germany,9.95 EUR,https://www.zara.com/de/en/sleeveless-ribbed-top-p04424802.html,Black,"SLIM FIT - ROUND NECK - NORMAL LENGTH - SLEEVELESS

Sleeveless top with a round neck and visible seam detail on the back."
SLEEVELESS RIBBED TOP - Black | ZARA Germany,9.95 EUR,https://www.zara.com/de/en/sleeveless-ribbed-top-p04424802.html,Black,"SLIM FIT - ROUND NECK - NORMAL LENGTH - SLEEVELESS

Sleeveless top with a round neck and visible seam detail on the back."
SLEEVELESS RIBBED TOP - Black | ZARA Germany,9.95 EUR,https://www.zara.com/de/en/sleeveless-ribbed-top-p04424802.html,Black,"SLIM FIT - ROUND NECK - NORMAL LENGTH - SLEEVELESS

Sleeveless top with a round neck and visible seam detail on the back."
SLEEVELESS RIBBED TOP - Black | ZARA Germany,9.95 EUR,https://www.zara.com/de/en/sleeveless-ribbed-top-p04424802.html,Black,"SLIM FIT - ROUND NECK - NORMAL LENGTH - SLEEVELESS

Sleeveless top with a round neck and visible seam detail on the back."
CROPPED STRETCH T-SHIRT - White | ZARA Germany,6.95 EUR,https://www.zara.com/de/en/cropped-stretch-t-shirt-p02335299.html,White,"MID WEIGHT - SLIM FIT - ROUND NECK - CROPPED - SHORT SLEEVES

Cropped T-shirt made of a cotton blend. Round neckline and short sleeves."
CROPPED STRETCH T-SHIRT - White | ZARA Germany,6.95 EUR,https://www.zara.com/de/en/cropped-stretch-t-shirt-p02335299.html,White,"MID WEIGHT - SLIM FIT - ROUND NECK - CROPPED - SHORT SLEEVES

Cropped T-shirt made of a cotton blend. Round neckline and short sleeves."
CROPPED STRETCH T-SHIRT - White | ZARA Germany,6.95 EUR,https://www.zara.com/de/en/cropped-stretch-t-shirt-p02335299.html,White,"MID WEIGHT - SLIM FIT - ROUND NECK - CROPPED - SHORT SLEEVES

Cropped T-shirt made of a cotton blend. Round neckline and short sleeves."
CROPPED STRETCH T-SHIRT - White | ZARA Germany,6.95 EUR,https://www.zara.com/de/en/cropped-stretch-t-shirt-p02335299.html,White,"MID WEIGHT - SLIM FIT - ROUND NECK - CROPPED - SHORT SLEEVES

Cropped T-shirt made of a cotton blend. Round neckline and short sleeves."
CROPPED STRETCH T-SHIRT - White | ZARA Germany,6.95 EUR,https://www.zara.com/de/en/cropped-stretch-t-shirt-p02335299.html,White,"MID WEIGHT - SLIM FIT - ROUND NECK - CROPPED - SHORT SLEEVES

Cropped T-shirt made of a cotton blend. Round neckline and short sleeves."
CROPPED STRETCH T-SHIRT - White | ZARA Germany,6.95 EUR,https://www.zara.com/de/en/cropped-stretch-t-shirt-p02335299.html,White,"MID WEIGHT - SLIM FIT - ROUND NECK - CROPPED - SHORT SLEEVES

Cropped T-shirt made of a cotton blend. Round neckline and short sleeves."
CROPPED STRETCH T-SHIRT - White | ZARA Germany,6.95 EUR,https://www.zara.com/de/en/cropped-stretch-t-shirt-p02335299.html,White,"MID WEIGHT - SLIM FIT - ROUND NECK - CROPPED - SHORT SLEEVES

Cropped T-shirt made of a cotton blend. Round neckline and short sleeves."
SLUB KNIT COTTON T-SHIRT - Beige | ZARA Germany,8.95 EUR,https://www.zara.com/de/en/slub-knit-cotton-t-shirt-p04174332.html,N/A,"MID WEIGHT - REGULAR FIT- ROUND NECK - NORMAL LENGTH - SHORT SLEEVES

T-shirt made of 100% cotton. Round neck and short sleeves. Double seamless finishing detail and visible back seam."
ENZYME-WASHED COTTON T-SHIRT - Black | ZARA Germany,9.95 EUR,https://www.zara.com/de/en/enzyme-washed-cotton-t-shirt-p04174164.html,Black,"REGULAR FIT - V-NECK - STANDARD LENGTH - SHORT SLEEVE

T-shirt made of enzyme-washed cotton yarn. V-neck and short sleeves."
ENZYME-WASHED COTTON T-SHIRT - Black | ZARA Germany,9.95 EUR,https://www.zara.com/de/en/enzyme-washed-cotton-t-shirt-p04174164.html,N/A,"REGULAR FIT - V-NECK - STANDARD LENGTH - SHORT SLEEVE

T-shirt made of enzyme-washed cotton yarn. V-neck and short sleeves."
ENZYME-WASHED COTTON T-SHIRT - Black | ZARA Germany,9.95 EUR,https://www.zara.com/de/en/enzyme-washed-cotton-t-shirt-p04174164.html,Black,"REGULAR FIT - V-NECK - STANDARD LENGTH - SHORT SLEEVE

T-shirt made of enzyme-washed cotton yarn. V-neck and short sleeves."
ENZYME-WASHED COTTON T-SHIRT - Black | ZARA Germany,9.95 EUR,https://www.zara.com/de/en/enzyme-washed-cotton-t-shirt-p04174164.html,Black,"REGULAR FIT - V-NECK - STANDARD LENGTH - SHORT SLEEVE

T-shirt made of enzyme-washed cotton yarn. V-neck and short sleeves."
ENZYME-WASHED COTTON T-SHIRT - Black | ZARA Germany,9.95 EUR,https://www.zara.com/de/en/enzyme-washed-cotton-t-shirt-p04174164.html,Black,"REGULAR FIT - V-NECK - STANDARD LENGTH - SHORT SLEEVE

T-shirt made of enzyme-washed cotton yarn. V-neck and short sleeves."
ENZYME-WASHED COTTON T-SHIRT - Black | ZARA Germany,9.95 EUR,https://www.zara.com/de/en/enzyme-washed-cotton-t-shirt-p04174164.html,Black,"REGULAR FIT - V-NECK - STANDARD LENGTH - SHORT SLEEVE

T-shirt made of enzyme-washed cotton yarn. V-neck and short sleeves."
ENZYME-WASHED COTTON T-SHIRT - Black | ZARA Germany,9.95 EUR,https://www.zara.com/de/en/enzyme-washed-cotton-t-shirt-p04174164.html,Black,"REGULAR FIT - V-NECK - STANDARD LENGTH - SHORT SLEEVE

T-shirt made of enzyme-washed cotton yarn. V-neck and short sleeves."
SHORT SLEEVE T-SHIRT - Oyster-white | ZARA Germany,12.95 EUR,https://www.zara.com/de/en/short-sleeve-t-shirt-p03431626.html,Oyster-white,"REGULAR FIT - ROUND NECK - STANDARD LENGTH - SHORT SLEEVE

T-shirt made of 33% lyocell and 14% wool yarn. Features a round neck and short turn-up sleeves."
SHORT SLEEVE T-SHIRT - Oyster-white | ZARA Germany,12.95 EUR,https://www.zara.com/de/en/short-sleeve-t-shirt-p03431626.html,Oyster-white,"REGULAR FIT - ROUND NECK - STANDARD LENGTH - SHORT SLEEVE

T-shirt made of 33% lyocell and 14% wool yarn. Features a round neck and short turn-up sleeves."
SHORT SLEEVE T-SHIRT - Oyster-white | ZARA Germany,12.95 EUR,https://www.zara.com/de/en/short-sleeve-t-shirt-p03431626.html,Oyster-white,"REGULAR FIT - ROUND NECK - STANDARD LENGTH - SHORT SLEEVE

T-shirt made of 33% lyocell and 14% wool yarn. Features a round neck and short turn-up sleeves."
SHORT SLEEVE T-SHIRT - Oyster-white | ZARA Germany,12.95 EUR,https://www.zara.com/de/en/short-sleeve-t-shirt-p03431626.html,Oyster-white,"REGULAR FIT - ROUND NECK - STANDARD LENGTH - SHORT SLEEVE

T-shirt made of 33% lyocell and 14% wool yarn. Features a round neck and short turn-up sleeves."
FADED-EFFECT T-SHIRT - Mauve | ZARA Germany,15.95 EUR,https://www.zara.com/de/en/faded-effect-t-shirt-p03641829.html,Mauve,"LOOSE FIT - ROUND NECK - NORMAL LENGTH - SHORT SLEEVES

T-shirt made of 100% cotton with a faded effect. Round neck and drop-shoulder short sleeves.

Due to the dyeing and fading process, the colour on each garment is unique and special, therefore it may differ from what is shown in the photo."
FADED-EFFECT T-SHIRT - Mauve | ZARA Germany,15.95 EUR,https://www.zara.com/de/en/faded-effect-t-shirt-p03641829.html,Mauve,"LOOSE FIT - ROUND NECK - NORMAL LENGTH - SHORT SLEEVES

T-shirt made of 100% cotton with a faded effect. Round neck and drop-shoulder short sleeves.

Due to the dyeing and fading process, the colour on each garment is unique and special, therefore it may differ from what is shown in the photo."
FADED-EFFECT T-SHIRT - Mauve | ZARA Germany,15.95 EUR,https://www.zara.com/de/en/faded-effect-t-shirt-p03641829.html,Mauve,"LOOSE FIT - ROUND NECK - NORMAL LENGTH - SHORT SLEEVES

T-shirt made of 100% cotton with a faded effect. Round neck and drop-shoulder short sleeves.

Due to the dyeing and fading process, the colour on each garment is unique and special, therefore it may differ from what is shown in the photo."
FADED-EFFECT T-SHIRT - Mauve | ZARA Germany,15.95 EUR,https://www.zara.com/de/en/faded-effect-t-shirt-p03641829.html,Mauve,"LOOSE FIT - ROUND NECK - NORMAL LENGTH - SHORT SLEEVES

T-shirt made of 100% cotton with a faded effect. Round neck and drop-shoulder short sleeves.

Due to the dyeing and fading process, the colour on each garment is unique and special, therefore it may differ from what is shown in the photo."
MERCERISED THREAD RIBBED T-SHIRT - Black | ZARA Germany,15.95 EUR,https://www.zara.com/de/en/mercerised-thread-ribbed-t-shirt-p04424626.html,Black,"SLIM FIT - ROUND NECKLINE - NORMAL LENGTH - WIDE STRAPS

Top made of 100% spun cotton. Round neck and wide straps."
MERCERISED THREAD RIBBED T-SHIRT - Black | ZARA Germany,15.95 EUR,https://www.zara.com/de/en/mercerised-thread-ribbed-t-shirt-p04424626.html,Black,"SLIM FIT - ROUND NECKLINE - NORMAL LENGTH - WIDE STRAPS

Top made of 100% spun cotton. Round neck and wide straps."
MERCERISED THREAD RIBBED T-SHIRT - Black | ZARA Germany,15.95 EUR,https://www.zara.com/de/en/mercerised-thread-ribbed-t-shirt-p04424626.html,Black,"SLIM FIT - ROUND NECKLINE - NORMAL LENGTH - WIDE STRAPS

Top made of 100% spun cotton. Round neck and wide straps."
CROPPED T-SHIRT - Green | ZARA Germany,12.95 EUR,https://www.zara.com/de/en/cropped-t-shirt-p04174173.html,Green,"LOOSE FIT - ROUND NECK - SHORT - SHORT SLEEVES

Cropped T-shirt made of 100% spun cotton. Featuring a round neck and short sleeves. Side vents at the hem."
CROPPED T-SHIRT - Green | ZARA Germany,12.95 EUR,https://www.zara.com/de/en/cropped-t-shirt-p04174173.html,Green,"LOOSE FIT - ROUND NECK - SHORT - SHORT SLEEVES

Cropped T-shirt made of 100% spun cotton. Featuring a round neck and short sleeves. Side vents at the hem."
CROPPED T-SHIRT - Green | ZARA Germany,12.95 EUR,https://www.zara.com/de/en/cropped-t-shirt-p04174173.html,Green,"LOOSE FIT - ROUND NECK - SHORT - SHORT SLEEVES

Cropped T-shirt made of 100% spun cotton. Featuring a round neck and short sleeves. Side vents at the hem."
CROPPED T-SHIRT - Green | ZARA Germany,12.95 EUR,https://www.zara.com/de/en/cropped-t-shirt-p04174173.html,Green,"LOOSE FIT - ROUND NECK - SHORT - SHORT SLEEVES

Cropped T-shirt made of 100% spun cotton. Featuring a round neck and short sleeves. Side vents at the hem."
COTTON TOP - Pastel pink | ZARA Germany,8.95 EUR,https://www.zara.com/de/en/cotton-top-p04174823.html,Pastel pink,"SLIM FIT - V-NECK - NORMAL LENGTH - SLEEVELESS

Sleeveless V-neck top made of 100% spun cotton."
COTTON TOP - Pastel pink | ZARA Germany,8.95 EUR,https://www.zara.com/de/en/cotton-top-p04174823.html,Pastel pink,"SLIM FIT - V-NECK - NORMAL LENGTH - SLEEVELESS

Sleeveless V-neck top made of 100% spun cotton."
COTTON TOP - Pastel pink | ZARA Germany,8.95 EUR,https://www.zara.com/de/en/cotton-top-p04174823.html,Pastel pink,"SLIM FIT - V-NECK - NORMAL LENGTH - SLEEVELESS

Sleeveless V-neck top made of 100% spun cotton."
COTTON TOP - Pastel pink | ZARA Germany,8.95 EUR,https://www.zara.com/de/en/cotton-top-p04174823.html,Pastel pink,"SLIM FIT - V-NECK - NORMAL LENGTH - SLEEVELESS

Sleeveless V-neck top made of 100% spun cotton."
COTTON TOP - Pastel pink | ZARA Germany,8.95 EUR,https://www.zara.com/de/en/cotton-top-p04174823.html,Pastel pink,"SLIM FIT - V-NECK - NORMAL LENGTH - SLEEVELESS

Sleeveless V-neck top made of 100% spun cotton."
COTTON TOP - Pastel pink | ZARA Germany,8.95 EUR,https://www.zara.com/de/en/cotton-top-p04174823.html,Pastel pink,"SLIM FIT - V-NECK - NORMAL LENGTH - SLEEVELESS

Sleeveless V-neck top made of 100% spun cotton."
COTTON TOP - Pastel pink | ZARA Germany,8.95 EUR,https://www.zara.com/de/en/cotton-top-p04174823.html,Pastel pink,"SLIM FIT - V-NECK - NORMAL LENGTH - SLEEVELESS

Sleeveless V-neck top made of 100% spun cotton."
T-SHIRT WITH POCKET - striped | ZARA Germany,8.95 EUR,https://www.zara.com/de/en/t-shirt-with-pocket-p04424156.html,striped,"SLIM FIT - ROUND NECK - NORMAL LENGTH - SHORT SLEEVES

T-shirt made of 100% spun cotton. Featuring a round neck, short sleeves and a chest patch pocket."
T-SHIRT WITH POCKET - striped | ZARA Germany,8.95 EUR,https://www.zara.com/de/en/t-shirt-with-pocket-p04424156.html,striped,"SLIM FIT - ROUND NECK - NORMAL LENGTH - SHORT SLEEVES

T-shirt made of 100% spun cotton. Featuring a round neck, short sleeves and a chest patch pocket."
T-SHIRT WITH POCKET - striped | ZARA Germany,8.95 EUR,https://www.zara.com/de/en/t-shirt-with-pocket-p04424156.html,striped,"SLIM FIT - ROUND NECK - NORMAL LENGTH - SHORT SLEEVES

T-shirt made of 100% spun cotton. Featuring a round neck, short sleeves and a chest patch pocket."
T-SHIRT WITH POCKET - striped | ZARA Germany,8.95 EUR,https://www.zara.com/de/en/t-shirt-with-pocket-p04424156.html,striped,"SLIM FIT - ROUND NECK - NORMAL LENGTH - SHORT SLEEVES

T-shirt made of 100% spun cotton. Featuring a round neck, short sleeves and a chest patch pocket."
TOP WITH SHOULDER PADS - White | ZARA Germany,15.95 EUR,https://www.zara.com/de/en/top-with-shoulder-pads-p00858030.html,White,"REGULAR FIT - ROUND NECK - NORMAL LENGTH - SLEEVELESS

Sleeveless T-shirt made of 100% spun cotton. Round neck and shoulder pads."
TOP WITH SHOULDER PADS - White | ZARA Germany,15.95 EUR,https://www.zara.com/de/en/top-with-shoulder-pads-p00858030.html,White,"REGULAR FIT - ROUND NECK - NORMAL LENGTH - SLEEVELESS

Sleeveless T-shirt made of 100% spun cotton. Round neck and shoulder pads."
TOP WITH SHOULDER PADS - White | ZARA Germany,15.95 EUR,https://www.zara.com/de/en/top-with-shoulder-pads-p00858030.html,White,"REGULAR FIT - ROUND NECK - NORMAL LENGTH - SLEEVELESS

Sleeveless T-shirt made of 100% spun cotton. Round neck and shoulder pads."
TOP WITH SHOULDER PADS - White | ZARA Germany,15.95 EUR,https://www.zara.com/de/en/top-with-shoulder-pads-p00858030.html,White,"REGULAR FIT - ROUND NECK - NORMAL LENGTH - SLEEVELESS

Sleeveless T-shirt made of 100% spun cotton. Round neck and shoulder pads."
SHORT SLEEVE T-SHIRT - Black | ZARA Germany,7.95 EUR,https://www.zara.com/de/en/short-sleeve-t-shirt-p04174314.html,Black,"MID WEIGHT - SLIM FIT - ROUND NECK - CROPPED - SHORT SLEEVES

Fitted T-shirt with a round neck and short sleeves."
SHORT SLEEVE T-SHIRT - Black | ZARA Germany,7.95 EUR,https://www.zara.com/de/en/short-sleeve-t-shirt-p04174314.html,Black,"MID WEIGHT - SLIM FIT - ROUND NECK - CROPPED - SHORT SLEEVES

Fitted T-shirt with a round neck and short sleeves."
SHORT SLEEVE T-SHIRT - Black | ZARA Germany,7.95 EUR,https://www.zara.com/de/en/short-sleeve-t-shirt-p04174314.html,Black,"MID WEIGHT - SLIM FIT - ROUND NECK - CROPPED - SHORT SLEEVES

Fitted T-shirt with a round neck and short sleeves."
SHORT SLEEVE T-SHIRT - Black | ZARA Germany,7.95 EUR,https://www.zara.com/de/en/short-sleeve-t-shirt-p04174314.html,Black,"MID WEIGHT - SLIM FIT - ROUND NECK - CROPPED - SHORT SLEEVES

Fitted T-shirt with a round neck and short sleeves."
WASHED INTERLOCK T-SHIRT - Charcoal | ZARA Germany,17.95 EUR,https://www.zara.com/de/en/washed-interlock-t-shirt-p04174187.html,Charcoal,"MID WEIGHT - OVERSIZE FIT - V-NECK - REGULAR LENGTH - SHORT SLEEVE  

T-shirt made of a soft and flexible elastic knitted fabric with a compact, plush and opaque weave. V-neck and short sleeve."
WASHED INTERLOCK T-SHIRT - Charcoal | ZARA Germany,17.95 EUR,https://www.zara.com/de/en/washed-interlock-t-shirt-p04174187.html,Charcoal,"MID WEIGHT - OVERSIZE FIT - V-NECK - REGULAR LENGTH - SHORT SLEEVE  

T-shirt made of a soft and flexible elastic knitted fabric with a compact, plush and opaque weave. V-neck and short sleeve."
WASHED INTERLOCK T-SHIRT - Charcoal | ZARA Germany,17.95 EUR,https://www.zara.com/de/en/washed-interlock-t-shirt-p04174187.html,Charcoal,"MID WEIGHT - OVERSIZE FIT - V-NECK - REGULAR LENGTH - SHORT SLEEVE  

T-shirt made of a soft and flexible elastic knitted fabric with a compact, plush and opaque weave. V-neck and short sleeve."
WASHED INTERLOCK T-SHIRT - Charcoal | ZARA Germany,17.95 EUR,https://www.zara.com/de/en/washed-interlock-t-shirt-p04174187.html,Charcoal,"MID WEIGHT - OVERSIZE FIT - V-NECK - REGULAR LENGTH - SHORT SLEEVE  

T-shirt made of a soft and flexible elastic knitted fabric with a compact, plush and opaque weave. V-neck and short sleeve."
FADED-EFFECT T-SHIRT - Pink | ZARA Germany,17.95 EUR,https://www.zara.com/de/en/faded-effect-t-shirt-p03854800.html,Pink,"REGULAR FIT - ROUND NECK - NORMAL LENGTH - SHORT SLEEVES

Round neck T-shirt with short sleeves. 

Due to the dyeing and fading process, the colour on each garment is unique and special, therefore it may differ from what is shown in the photo."
FADED-EFFECT T-SHIRT - Pink | ZARA Germany,17.95 EUR,https://www.zara.com/de/en/faded-effect-t-shirt-p03854800.html,Pink,"REGULAR FIT - ROUND NECK - NORMAL LENGTH - SHORT SLEEVES

Round neck T-shirt with short sleeves. 

Due to the dyeing and fading process, the colour on each garment is unique and special, therefore it may differ from what is shown in the photo."
FADED-EFFECT T-SHIRT - Pink | ZARA Germany,17.95 EUR,https://www.zara.com/de/en/faded-effect-t-shirt-p03854800.html,Pink,"REGULAR FIT - ROUND NECK - NORMAL LENGTH - SHORT SLEEVES

Round neck T-shirt with short sleeves. 

Due to the dyeing and fading process, the colour on each garment is unique and special, therefore it may differ from what is shown in the photo."
FADED-EFFECT T-SHIRT - Pink | ZARA Germany,17.95 EUR,https://www.zara.com/de/en/faded-effect-t-shirt-p03854800.html,Pink,"REGULAR FIT - ROUND NECK - NORMAL LENGTH - SHORT SLEEVES

Round neck T-shirt with short sleeves. 

Due to the dyeing and fading process, the colour on each garment is unique and special, therefore it may differ from what is shown in the photo."
RIBBED VEST TOP - Black | ZARA Germany,7.95 EUR,https://www.zara.com/de/en/ribbed-vest-top-p03253325.html,Black,"MID WEIGHT - SLIM FIT - ROUND NECK - NORMAL LENGTH - STRAPS


Strappy round neck top. Visible seam detail on the back."
RIBBED VEST TOP - Black | ZARA Germany,7.95 EUR,https://www.zara.com/de/en/ribbed-vest-top-p03253325.html,Black,"MID WEIGHT - SLIM FIT - ROUND NECK - NORMAL LENGTH - STRAPS


Strappy round neck top. Visible seam detail on the back."
RIBBED VEST TOP - Black | ZARA Germany,7.95 EUR,https://www.zara.com/de/en/ribbed-vest-top-p03253325.html,Black,"MID WEIGHT - SLIM FIT - ROUND NECK - NORMAL LENGTH - STRAPS


Strappy round neck top. Visible seam detail on the back."
RIBBED VEST TOP - Black | ZARA Germany,7.95 EUR,https://www.zara.com/de/en/ribbed-vest-top-p03253325.html,Black,"MID WEIGHT - SLIM FIT - ROUND NECK - NORMAL LENGTH - STRAPS


Strappy round neck top. Visible seam detail on the back."
FADED SHORT SLEEVE T-SHIRT - White | ZARA Germany,8.95 EUR,https://www.zara.com/de/en/faded-short-sleeve-t-shirt-p04424014.html,White,"MID WEIGHT - REGULAR FIT- ROUND NECK - NORMAL LENGTH - SHORT SLEEVES

Round neck T-shirt with short sleeves."
FADED SHORT SLEEVE T-SHIRT - White | ZARA Germany,8.95 EUR,https://www.zara.com/de/en/faded-short-sleeve-t-shirt-p04424014.html,White,"MID WEIGHT - REGULAR FIT- ROUND NECK - NORMAL LENGTH - SHORT SLEEVES

Round neck T-shirt with short sleeves."
FADED SHORT SLEEVE T-SHIRT - White | ZARA Germany,8.95 EUR,https://www.zara.com/de/en/faded-short-sleeve-t-shirt-p04424014.html,White,"MID WEIGHT - REGULAR FIT- ROUND NECK - NORMAL LENGTH - SHORT SLEEVES

Round neck T-shirt with short sleeves."
RIBBED CROPPED HALTER TOP - Black | ZARA Germany,5.95 EUR,https://www.zara.com/de/en/ribbed-cropped-halter-top-p03253324.html,Black,"MID WEIGHT - SLIM FIT - ROUND NECK - SLEEVELESS - CROPPED

Cropped T-shirt made of a cotton blend fabric. Round neck, sleeveless. Ribbed trims."
RIBBED CROPPED HALTER TOP - Black | ZARA Germany,5.95 EUR,https://www.zara.com/de/en/ribbed-cropped-halter-top-p03253324.html,Black,"MID WEIGHT - SLIM FIT - ROUND NECK - SLEEVELESS - CROPPED

Cropped T-shirt made of a cotton blend fabric. Round neck, sleeveless. Ribbed trims."
RIBBED CROPPED HALTER TOP - Black | ZARA Germany,5.95 EUR,https://www.zara.com/de/en/ribbed-cropped-halter-top-p03253324.html,Black,"MID WEIGHT - SLIM FIT - ROUND NECK - SLEEVELESS - CROPPED

Cropped T-shirt made of a cotton blend fabric. Round neck, sleeveless. Ribbed trims."
RIBBED CROPPED HALTER TOP - Black | ZARA Germany,5.95 EUR,https://www.zara.com/de/en/ribbed-cropped-halter-top-p03253324.html,Black,"MID WEIGHT - SLIM FIT - ROUND NECK - SLEEVELESS - CROPPED

Cropped T-shirt made of a cotton blend fabric. Round neck, sleeveless. Ribbed trims."
RIBBED CROPPED HALTER TOP - Black | ZARA Germany,5.95 EUR,https://www.zara.com/de/en/ribbed-cropped-halter-top-p03253324.html,Black,"MID WEIGHT - SLIM FIT - ROUND NECK - SLEEVELESS - CROPPED

Cropped T-shirt made of a cotton blend fabric. Round neck, sleeveless. Ribbed trims."
COTTON AND MODAL CROP TOP - White | ZARA Germany,6.95 EUR,https://www.zara.com/de/en/cotton-and-modal-crop-top-p03641325.html,White,"MID WEIGHT - SLIM FIT - ROUND NECK - CROPPED - SHORT SLEEVES

Top made of a cotton and modal blend fabric. Round neck and very short sleeves."
COTTON AND MODAL CROP TOP - White | ZARA Germany,6.95 EUR,https://www.zara.com/de/en/cotton-and-modal-crop-top-p03641325.html,White,"MID WEIGHT - SLIM FIT - ROUND NECK - CROPPED - SHORT SLEEVES

Top made of a cotton and modal blend fabric. Round neck and very short sleeves."
COTTON AND MODAL CROP TOP - White | ZARA Germany,6.95 EUR,https://www.zara.com/de/en/cotton-and-modal-crop-top-p03641325.html,White,"MID WEIGHT - SLIM FIT - ROUND NECK - CROPPED - SHORT SLEEVES

Top made of a cotton and modal blend fabric. Round neck and very short sleeves."
COTTON AND MODAL CROP TOP - White | ZARA Germany,6.95 EUR,https://www.zara.com/de/en/cotton-and-modal-crop-top-p03641325.html,White,"MID WEIGHT - SLIM FIT - ROUND NECK - CROPPED - SHORT SLEEVES

Top made of a cotton and modal blend fabric. Round neck and very short sleeves."
SHORT SLEEVE T-SHIRT - White | ZARA Germany,15.95 EUR,https://www.zara.com/de/en/short-sleeve-t-shirt-p04174012.html,White,"REGULAR FIT - ROUND NECK - NORMAL LENGTH - SHORT SLEEVES

T-shirt made of 100% cotton. Round neck and short turn-up sleeves."
SHORT SLEEVE T-SHIRT - White | ZARA Germany,15.95 EUR,https://www.zara.com/de/en/short-sleeve-t-shirt-p04174012.html,White,"REGULAR FIT - ROUND NECK - NORMAL LENGTH - SHORT SLEEVES

T-shirt made of 100% cotton. Round neck and short turn-up sleeves."
SHORT SLEEVE T-SHIRT - White | ZARA Germany,15.95 EUR,https://www.zara.com/de/en/short-sleeve-t-shirt-p04174012.html,White,"REGULAR FIT - ROUND NECK - NORMAL LENGTH - SHORT SLEEVES

T-shirt made of 100% cotton. Round neck and short turn-up sleeves."
SHORT SLEEVE T-SHIRT - White | ZARA Germany,15.95 EUR,https://www.zara.com/de/en/short-sleeve-t-shirt-p04174012.html,White,"REGULAR FIT - ROUND NECK - NORMAL LENGTH - SHORT SLEEVES

T-shirt made of 100% cotton. Round neck and short turn-up sleeves."
SHORT SLEEVE T-SHIRT - Black | ZARA Germany,15.95 EUR,https://www.zara.com/de/en/short-sleeve-t-shirt-p03431451.html,Black,"SLIM FIT - ROUND NECK - NORMAL LENGTH - SHORT SLEEVES

T-shirt made of a spun cotton and 20% lyocell blend. Round neck and short sleeves."
SHORT SLEEVE T-SHIRT - Black | ZARA Germany,15.95 EUR,https://www.zara.com/de/en/short-sleeve-t-shirt-p03431451.html,Black,"SLIM FIT - ROUND NECK - NORMAL LENGTH - SHORT SLEEVES

T-shirt made of a spun cotton and 20% lyocell blend. Round neck and short sleeves."
SHORT SLEEVE T-SHIRT - Black | ZARA Germany,15.95 EUR,https://www.zara.com/de/en/short-sleeve-t-shirt-p03431451.html,Black,"SLIM FIT - ROUND NECK - NORMAL LENGTH - SHORT SLEEVES

T-shirt made of a spun cotton and 20% lyocell blend. Round neck and short sleeves."
SHORT SLEEVE T-SHIRT - Black | ZARA Germany,15.95 EUR,https://www.zara.com/de/en/short-sleeve-t-shirt-p03431451.html,Black,"SLIM FIT - ROUND NECK - NORMAL LENGTH - SHORT SLEEVES

T-shirt made of a spun cotton and 20% lyocell blend. Round neck and short sleeves."
BASIC COTTON T-SHIRT - White | ZARA Germany,7.95 EUR,https://www.zara.com/de/en/basic-cotton-t-shirt-p03253332.html,White,"MID WEIGHT - REGULAR FIT - V-NECK - NORMAL LENGTH - SHORT SLEEVES

T-shirt made of spun cotton. Featuring a V-neckline and short sleeves."
BASIC COTTON T-SHIRT - White | ZARA Germany,7.95 EUR,https://www.zara.com/de/en/basic-cotton-t-shirt-p03253332.html,White,"MID WEIGHT - REGULAR FIT - V-NECK - NORMAL LENGTH - SHORT SLEEVES

T-shirt made of spun cotton. Featuring a V-neckline and short sleeves."
BASIC COTTON T-SHIRT - White | ZARA Germany,7.95 EUR,https://www.zara.com/de/en/basic-cotton-t-shirt-p03253332.html,White,"MID WEIGHT - REGULAR FIT - V-NECK - NORMAL LENGTH - SHORT SLEEVES

T-shirt made of spun cotton. Featuring a V-neckline and short sleeves."
BASIC COTTON T-SHIRT - White | ZARA Germany,7.95 EUR,https://www.zara.com/de/en/basic-cotton-t-shirt-p03253332.html,White,"MID WEIGHT - REGULAR FIT - V-NECK - NORMAL LENGTH - SHORT SLEEVES

T-shirt made of spun cotton. Featuring a V-neckline and short sleeves."
BASIC COTTON T-SHIRT - White | ZARA Germany,7.95 EUR,https://www.zara.com/de/en/basic-cotton-t-shirt-p03253332.html,White,"MID WEIGHT - REGULAR FIT - V-NECK - NORMAL LENGTH - SHORT SLEEVES

T-shirt made of spun cotton. Featuring a V-neckline and short sleeves."
SHORT SLEEVE INTERLOCK T-SHIRT - Black | ZARA Germany,15.95 EUR,https://www.zara.com/de/en/short-sleeve-interlock-t-shirt-p04174178.html,Black,"REGULAR FIT - ROUND NECK - NORMAL LENGTH - SHORT SLEEVES

T-shirt made of stretchy and flexible knit fabric with a compact, soft and opaque weave. Featuring a round neck and short sleeves."
SHORT SLEEVE INTERLOCK T-SHIRT - Black | ZARA Germany,15.95 EUR,https://www.zara.com/de/en/short-sleeve-interlock-t-shirt-p04174178.html,Black,"REGULAR FIT - ROUND NECK - NORMAL LENGTH - SHORT SLEEVES

T-shirt made of stretchy and flexible knit fabric with a compact, soft and opaque weave. Featuring a round neck and short sleeves."
SHORT SLEEVE INTERLOCK T-SHIRT - Black | ZARA Germany,15.95 EUR,https://www.zara.com/de/en/short-sleeve-interlock-t-shirt-p04174178.html,Black,"REGULAR FIT - ROUND NECK - NORMAL LENGTH - SHORT SLEEVES

T-shirt made of stretchy and flexible knit fabric with a compact, soft and opaque weave. Featuring a round neck and short sleeves."
SHORT SLEEVE INTERLOCK T-SHIRT - Black | ZARA Germany,15.95 EUR,https://www.zara.com/de/en/short-sleeve-interlock-t-shirt-p04174178.html,Black,"REGULAR FIT - ROUND NECK - NORMAL LENGTH - SHORT SLEEVES

T-shirt made of stretchy and flexible knit fabric with a compact, soft and opaque weave. Featuring a round neck and short sleeves."
SHORT SLEEVE INTERLOCK T-SHIRT - Black | ZARA Germany,15.95 EUR,https://www.zara.com/de/en/short-sleeve-interlock-t-shirt-p04174178.html,Black,"REGULAR FIT - ROUND NECK - NORMAL LENGTH - SHORT SLEEVES

T-shirt made of stretchy and flexible knit fabric with a compact, soft and opaque weave. Featuring a round neck and short sleeves."
SHORT SLEEVE INTERLOCK T-SHIRT - Black | ZARA Germany,15.95 EUR,https://www.zara.com/de/en/short-sleeve-interlock-t-shirt-p04174178.html,Black,"REGULAR FIT - ROUND NECK - NORMAL LENGTH - SHORT SLEEVES

T-shirt made of stretchy and flexible knit fabric with a compact, soft and opaque weave. Featuring a round neck and short sleeves."
SLUB KNIT COTTON CROPPED T-SHIRT - White | ZARA Germany,15.95 EUR,https://www.zara.com/de/en/slub-knit-cotton-cropped-t-shirt-p04174820.html,White,"CROPPED - ROUND NECK - SHORT SLEEVES

Cropped T-shirt made of 100% cotton. Featuring a round neck, short drop-shoulder sleeves and chest patch pocket."
SLUB KNIT COTTON CROPPED T-SHIRT - White | ZARA Germany,15.95 EUR,https://www.zara.com/de/en/slub-knit-cotton-cropped-t-shirt-p04174820.html,White,"CROPPED - ROUND NECK - SHORT SLEEVES

Cropped T-shirt made of 100% cotton. Featuring a round neck, short drop-shoulder sleeves and chest patch pocket."
SLUB KNIT COTTON CROPPED T-SHIRT - White | ZARA Germany,15.95 EUR,https://www.zara.com/de/en/slub-knit-cotton-cropped-t-shirt-p04174820.html,White,"CROPPED - ROUND NECK - SHORT SLEEVES

Cropped T-shirt made of 100% cotton. Featuring a round neck, short drop-shoulder sleeves and chest patch pocket."
SLUB KNIT COTTON CROPPED T-SHIRT - White | ZARA Germany,15.95 EUR,https://www.zara.com/de/en/slub-knit-cotton-cropped-t-shirt-p04174820.html,White,"CROPPED - ROUND NECK - SHORT SLEEVES

Cropped T-shirt made of 100% cotton. Featuring a round neck, short drop-shoulder sleeves and chest patch pocket."
RIBBED HALTER CROP TOP - Black | ZARA Germany,7.95 EUR,https://www.zara.com/de/en/ribbed-halter-crop-top-p04174364.html,Black,Halter top with ribbed fabric and a visible seam on the back.
RIBBED HALTER CROP TOP - Black | ZARA Germany,7.95 EUR,https://www.zara.com/de/en/ribbed-halter-crop-top-p04174364.html,Black,Halter top with ribbed fabric and a visible seam on the back.
RIBBED HALTER CROP TOP - Black | ZARA Germany,7.95 EUR,https://www.zara.com/de/en/ribbed-halter-crop-top-p04174364.html,Black,Halter top with ribbed fabric and a visible seam on the back.
RIBBED HALTER CROP TOP - Black | ZARA Germany,7.95 EUR,https://www.zara.com/de/en/ribbed-halter-crop-top-p04174364.html,Black,Halter top with ribbed fabric and a visible seam on the back.
SLEEVELESS RIBBED TOP - Beige-pink | ZARA Germany,15.95 EUR,https://www.zara.com/de/en/sleeveless-ribbed-top-p04174452.html,Beige-pink,"SLIM FIT - ROUND NECKLINE - NORMAL LENGTH - SLEEVELESS

Sleeveless top made of a spun viscose blend with a round neck."
SLEEVELESS RIBBED TOP - Beige-pink | ZARA Germany,15.95 EUR,https://www.zara.com/de/en/sleeveless-ribbed-top-p04174452.html,Beige-pink,"SLIM FIT - ROUND NECKLINE - NORMAL LENGTH - SLEEVELESS

Sleeveless top made of a spun viscose blend with a round neck."
SLEEVELESS RIBBED TOP - Beige-pink | ZARA Germany,15.95 EUR,https://www.zara.com/de/en/sleeveless-ribbed-top-p04174452.html,Beige-pink,"SLIM FIT - ROUND NECKLINE - NORMAL LENGTH - SLEEVELESS

Sleeveless top made of a spun viscose blend with a round neck."
MINIMALIST MERCERISED THREAD T-SHIRT - Black | ZARA Germany,19.95 EUR,https://www.zara.com/de/en/minimalist-mercerised-thread-t-shirt-p01165106.html,N/A,"MID WEIGHT - LOOSE FIT - V-NECKLINE - NORMAL LENGTH - SHORT SLEEVES

T-shirt made of 100% spun cotton. V-neckline and short sleeves."
WIDE-RIBBED TOP - White | ZARA Germany,12.95 EUR,https://www.zara.com/de/en/wide-ribbed-top-p04174655.html,White,"SLIM FIT - ROUND NECK - NORMAL LENGTH - SLEEVELESS

Round neck sleeveless top made of a spun cotton blend."
WIDE-RIBBED TOP - White | ZARA Germany,12.95 EUR,https://www.zara.com/de/en/wide-ribbed-top-p04174655.html,White,"SLIM FIT - ROUND NECK - NORMAL LENGTH - SLEEVELESS

Round neck sleeveless top made of a spun cotton blend."
WIDE-RIBBED TOP - White | ZARA Germany,12.95 EUR,https://www.zara.com/de/en/wide-ribbed-top-p04174655.html,White,"SLIM FIT - ROUND NECK - NORMAL LENGTH - SLEEVELESS

Round neck sleeveless top made of a spun cotton blend."
WIDE-RIBBED TOP - White | ZARA Germany,12.95 EUR,https://www.zara.com/de/en/wide-ribbed-top-p04174655.html,White,"SLIM FIT - ROUND NECK - NORMAL LENGTH - SLEEVELESS

Round neck sleeveless top made of a spun cotton blend."
WASHED SLUB COTTON T-SHIRT - Black | ZARA Germany,17.95 EUR,https://www.zara.com/de/en/washed-slub-cotton-t-shirt-p03253845.html,Black,"REGULAR FIT - ROUND NECK - STANDARD LENGTH - LONG SLEEVE 

T-shirt made of 100% washed cotton. Round neck and long sleeves. Polo-style button fastening on the front.

Due to the dyeing and washing process, the colour of each garment is unique and special, so it may differ from what is shown in the photo."
WASHED SLUB COTTON T-SHIRT - Black | ZARA Germany,17.95 EUR,https://www.zara.com/de/en/washed-slub-cotton-t-shirt-p03253845.html,Black,"REGULAR FIT - ROUND NECK - STANDARD LENGTH - LONG SLEEVE 

T-shirt made of 100% washed cotton. Round neck and long sleeves. Polo-style button fastening on the front.

Due to the dyeing and washing process, the colour of each garment is unique and special, so it may differ from what is shown in the photo."
WASHED SLUB COTTON T-SHIRT - Black | ZARA Germany,17.95 EUR,https://www.zara.com/de/en/washed-slub-cotton-t-shirt-p03253845.html,Black,"REGULAR FIT - ROUND NECK - STANDARD LENGTH - LONG SLEEVE 

T-shirt made of 100% washed cotton. Round neck and long sleeves. Polo-style button fastening on the front.

Due to the dyeing and washing process, the colour of each garment is unique and special, so it may differ from what is shown in the photo."
WASHED SLUB COTTON T-SHIRT - Black | ZARA Germany,17.95 EUR,https://www.zara.com/de/en/washed-slub-cotton-t-shirt-p03253845.html,Black,"REGULAR FIT - ROUND NECK - STANDARD LENGTH - LONG SLEEVE 

T-shirt made of 100% washed cotton. Round neck and long sleeves. Polo-style button fastening on the front.

Due to the dyeing and washing process, the colour of each garment is unique and special, so it may differ from what is shown in the photo."
